Date,Actual,Pred,Strategy
2019-06-19,0.011928773907426743,0.0023882103,0.011928773907426743
2019-06-20,-0.009140077037704798,0.00020812073,-0.009140077037704798
2019-06-21,-0.0020875587921609646,-0.00054642546,-0.0
2019-06-24,0.00823969509310694,-0.0015719528,0.0
2019-06-25,0.0043224233576614314,0.0016927037,0.0043224233576614314
2019-06-26,-0.0005065621089227406,0.0012737579,-0.0005065621089227406
2019-06-27,-0.004460380187531091,-5.11261e-05,-0.0
2019-06-28,0.006489288220080564,0.003686944,0.006489288220080564
2019-07-01,0.003760130979735517,0.001364445,0.003760130979735517
2019-07-02,0.0005414178862205623,0.0009910269,0.0005414178862205623
2019-07-03,0.0025143014062712723,0.0013331611,0.0025143014062712723
2019-07-04,-0.011415241213692496,0.0012792104,-0.011415241213692496
2019-07-05,-0.021614318798492883,-0.0010950317,-0.0
2019-07-08,-0.0002335519922360358,-0.0012567603,-0.0
2019-07-09,-0.0049447502653284115,0.0025104883,-0.0049447502653284115
2019-07-10,0.007278493704286908,0.0011219091,0.007278493704286908
2019-07-11,-0.002628042532973005,0.00093604147,-0.002628042532973005
2019-07-12,0.003098385639232596,0.00022055092,0.003098385639232596
2019-07-15,0.006386857732255645,0.0016419513,0.006386857732255645
2019-07-16,0.00213278748103271,0.0018003215,0.00213278748103271
2019-07-17,-0.007782039913567366,0.00087586447,-0.007782039913567366
2019-07-18,-0.015437326885714045,-5.2958698e-05,-0.0
2019-07-19,-0.00641762449493666,-0.0011358049,-0.0
2019-07-22,-0.001336175495625011,-0.0008388638,-0.0
2019-07-23,-0.005287073265915101,-0.002243345,-0.0
2019-07-24,-0.001700398341321937,0.002941535,-0.001700398341321937
2019-07-25,0.0028531055771835413,0.00019493436,0.0028531055771835413
2019-07-26,-0.008463316975262767,0.00029137277,-0.008463316975262767
2019-07-29,-0.009320082365343962,-0.00026596474,-0.0
2019-07-30,0.002936454076975709,0.00026480484,0.002936454076975709
2019-07-31,-0.012489980449893174,-0.0015324596,-0.0
2019-08-01,0.001578863082899198,0.007036549,0.001578863082899198
2019-08-02,-0.012328638591802651,-0.0009811039,-0.0
2019-08-05,0.007853965566277007,0.008304529,0.007853965566277007
2019-08-06,-0.00850776214660283,-0.0015313944,-0.0
2019-08-07,0.016169083798241606,0.008681919,0.016169083798241606
2019-08-08,0.006973187375465333,0.0011613506,0.006973187375465333
2019-08-09,-0.016682629759426824,0.0015832738,-0.016682629759426824
2019-08-13,0.009432964697282421,-0.0021724114,0.0
2019-08-14,0.00166682533651526,0.0027302164,0.00166682533651526
2019-08-16,0.0005520467691192048,0.0079281675,0.0005520467691192048
2019-08-19,-0.0033438078514244876,0.0014249035,-0.0033438078514244876
2019-08-20,-0.008962600859057328,-0.0007100402,-0.0
2019-08-21,-0.016376190359974212,0.0007302389,-0.016376190359974212
2019-08-22,0.008159261534645986,0.0013016232,0.008159261534645986
2019-08-23,0.020880542984676998,1.9614643e-05,0.020880542984676998
2019-08-26,0.004286391351556263,0.008879098,0.004286391351556263
2019-08-27,-0.005349549884040612,0.00037348073,-0.005349549884040612
2019-08-28,-0.008893213897011299,-0.0012245267,-0.0
2019-08-29,0.00682250334649108,-0.0010055425,0.0
2019-08-30,-0.020654971620241963,-0.00017762996,-0.0
2019-09-03,0.004320199886309888,-0.0022623246,0.0
2019-09-04,0.00029964203445609783,0.00080830115,0.00029964203445609783
2019-09-05,0.00902083303672415,0.0010931613,0.00902083303672415
2019-09-06,0.005180107429441778,0.000670544,0.005180107429441778
2019-09-09,0.0029630005796600876,0.0005160858,0.0029630005796600876
2019-09-11,-0.004805095025496559,0.0011006664,-0.004805095025496559
2019-09-12,0.008441217109748283,-0.0008970465,0.0
2019-09-13,-0.006558207998363749,-0.0003960193,-0.0
2019-09-16,-0.017039002763312223,-0.0007693527,-0.0
2019-09-17,0.002128592102631135,-0.0007561426,0.0
2019-09-18,-0.012610772583449698,0.0014827168,-0.012610772583449698
2019-09-19,0.051824725995144275,-0.023126084,0.0
2019-09-20,0.028505409421526316,0.0010345667,0.028505409421526316
2019-09-23,-0.0010350003337080292,0.0032350426,-0.0010350003337080292
2019-09-24,-0.01285387045749521,-0.01806099,-0.0
2019-09-25,0.011385783826013008,0.0027410812,0.011385783826013008
2019-09-26,-0.005094519950938459,0.011292608,-0.005094519950938459
2019-09-27,-0.003301907727659163,-0.018945148,-0.0
2019-09-30,-0.01003319671254013,-0.019683482,-0.0
2019-10-01,-0.004048747902700529,-0.0140786385,-0.0
2019-10-03,-0.012384128036227408,-0.019911444,-0.0
2019-10-04,-0.004336070945390455,-0.015704159,-0.0
2019-10-07,0.016658309554353663,-0.020357417,0.0
2019-10-09,-0.006985173448092334,0.002202638,-0.006985173448092334
2019-10-10,0.006255677219734019,-0.0033227974,0.0
2019-10-11,0.0031882272704231176,0.0006892427,0.0031882272704231176
2019-10-14,0.007654979710518189,0.00040047933,0.007654979710518189
2019-10-15,0.0031189722795879394,0.00031522923,0.0031189722795879394
2019-10-16,0.010615956850818441,0.00046367626,0.010615956850818441
2019-10-17,0.006495149556810502,7.368443e-05,0.006495149556810502
2019-10-18,-0.006322547531982618,0.0016020262,-0.006322547531982618
2019-10-22,0.0013582008758651655,0.0016744786,0.0013582008758651655
2019-10-23,-0.001854512016487498,0.0004484135,-0.001854512016487498
2019-10-24,0.00011229846989121649,0.00022308418,0.00011229846989121649
2019-10-25,0.017368233407476515,0.0013848388,0.017368233407476515
2019-10-29,0.004845350178432992,0.0020969387,0.004845350178432992
2019-10-30,0.0028118405572833054,0.0011832932,0.0028118405572833054
2019-10-31,0.0011064782775295006,0.0011096598,0.0011064782775295006
2019-11-01,0.004254824252091804,0.00085599854,0.004254824252091804
2019-11-04,-0.002020212299297299,0.00089577545,-0.002020212299297299
2019-11-05,0.004090706038353768,0.0007092939,0.004090706038353768
2019-11-06,0.003836839214212366,0.001297511,0.003836839214212366
2019-11-07,-0.008687223905779385,0.0014579172,-0.008687223905779385
2019-11-08,0.0004449579074941643,0.0016126522,0.0004449579074941643
2019-11-11,-0.006146378372844679,0.0022543697,-0.006146378372844679
2019-11-13,0.0026694246816312177,0.0011742336,0.0026694246816312177
2019-11-14,0.001964913812506188,0.0022543697,0.001964913812506188
2019-11-15,-0.0009209603886071214,0.0022543697,-0.0009209603886071214
2019-11-18,0.004667420332106962,-0.0020563302,0.0
2019-11-19,0.004929163997457979,-0.0012405732,0.0
2019-11-20,-0.0025617386493080496,-0.0012405732,-0.0
2019-11-21,-0.004522090396049399,-0.0020193018,-0.0
2019-11-22,0.013285889135891809,-0.00011449326,0.0
2019-11-25,-0.0029902665544935493,0.0016637942,-0.0029902665544935493
2019-11-26,0.005219910352766259,0.0010764092,0.005219910352766259
2019-11-27,0.004160529350791835,0.0022543697,0.004160529350791835
2019-11-28,-0.00785725523266999,0.0012242725,-0.00785725523266999
2019-11-29,-0.000651305031476376,0.00020535558,-0.000651305031476376
2019-12-02,-0.004492071500914214,0.000776003,-0.004492071500914214
2019-12-03,0.0040769856204158446,-0.0005503045,0.0
2019-12-04,-0.002061360247465576,0.0018475164,-0.002061360247465576
2019-12-05,-0.00809534862199821,0.00014602163,-0.00809534862199821
2019-12-06,0.0013412131605239934,0.00017937555,0.0013412131605239934
2019-12-09,-0.006783179618895446,0.001117102,-0.006783179618895446
2019-12-10,0.004489484356039674,-8.162346e-06,0.0
2019-12-11,0.005162857346029799,0.0018573372,0.005162857346029799
2019-12-12,0.009551822783961173,0.0013992498,0.009551822783961173
2019-12-13,-0.002713267419203363,0.00076976034,-0.002713267419203363
2019-12-16,0.009170552980705609,0.0005004822,0.009170552980705609
2019-12-17,0.004646024904610523,0.00081740355,0.004646024904610523
2019-12-18,0.003108475179285728,0.00028474312,0.003108475179285728
2019-12-19,0.0009864549951019103,-0.00033691368,0.0
2019-12-20,-0.0007377192709850936,0.000512702,-0.0007377192709850936
2019-12-23,-0.003938363953434116,-0.00072457653,-0.0
2019-12-24,-0.007230600491364134,4.2466252e-07,-0.007230600491364134
2019-12-26,0.009785757510884093,-6.277227e-05,0.0
2019-12-27,0.0008203370378256411,0.0014375804,0.0008203370378256411
2019-12-30,-0.007156789574995062,0.0012792104,-0.007156789574995062
2019-12-31,0.0011539431631088094,9.824881e-05,0.0011539431631088094
2020-01-01,0.008150579934013252,0.000862455,0.008150579934013252
2020-01-02,-0.004533048142335533,0.0010208251,-0.004533048142335533
2020-01-03,-0.01929072847314149,-0.0009010225,-0.0
2020-01-06,0.004982160403270252,-0.0010907353,0.0
2020-01-07,-0.0022925703434345888,0.00070026756,-0.0022925703434345888
2020-01-08,0.015721524760104574,5.0186638e-05,0.015721524760104574
2020-01-09,0.003342455210374022,0.00022207676,0.003342455210374022
2020-01-10,0.005917935234497193,-0.0001238538,0.0
2020-01-13,0.0026526987425187607,0.0015985032,0.0026526987425187607
2020-01-14,-0.0015381131440847836,0.0009531937,-0.0015381131440847836
2020-01-15,0.0009879181499700635,0.00048070535,0.0009879181499700635
2020-01-16,-0.00025501131760789477,-0.00012536428,-0.0
2020-01-17,-0.01040008785925209,0.001175578,-0.01040008785925209
2020-01-20,-0.004484659455009181,-0.0011172441,-0.0
2020-01-21,-0.005185979163736476,-0.0010896423,-0.0
2020-01-22,0.0060483951593072694,-0.00021647495,0.0
2020-01-23,0.005559104211847819,0.0013651035,0.005559104211847819
2020-01-24,-0.010608600656474901,0.00028469524,-0.010608600656474901
2020-01-27,-0.005228613250633523,-0.00091387896,-0.0
2020-01-28,0.006094646255253335,-0.00010857734,0.0
2020-01-29,-0.007754976405079576,0.0017508783,-0.007754976405079576
2020-01-30,-0.006142239847635705,-0.00049276295,-0.0
2020-01-31,-0.02147942474929971,-0.00092594087,-0.0
2020-02-03,0.02294554852001912,0.0037507461,0.02294554852001912
2020-02-04,0.009098978920125088,0.0011342021,0.009098978920125088
2020-02-05,0.00402853577236436,0.0026720483,0.00402853577236436
2020-02-06,-0.003267876820959125,0.0015804109,-0.003267876820959125
2020-02-07,-0.005540836887552729,-0.00056691177,-0.0
2020-02-10,0.0063299538920958175,-0.0005125169,0.0
2020-02-11,0.0076761591804553895,0.0012557581,0.0076761591804553895
2020-02-12,-0.002178370358219195,0.00022065204,-0.002178370358219195
2020-02-13,-0.005039531569823334,-0.00021947356,-0.0
2020-02-14,-0.005600386389670753,-0.0004928848,-0.0
2020-02-17,-0.004434580853707973,0.000838063,-0.004434580853707973
2020-02-18,0.011062238693018929,-0.00063553185,0.0
2020-02-19,-0.003722171151700223,0.00020008905,-0.003722171151700223
2020-02-20,-0.02103353072205037,-0.0004628825,-0.0
2020-02-24,-0.002666408571566386,-0.00097206107,-0.0
2020-02-25,-0.010172038146389433,0.00038825898,-0.010172038146389433
2020-02-26,-0.0038778860778288546,0.0005540299,-0.0038778860778288546
2020-02-27,-0.0378016423222764,0.0014283315,-0.0378016423222764
2020-02-28,-0.0061788013630017435,0.003433136,-0.0061788013630017435
2020-03-02,0.015203486470954998,0.01352537,0.015203486470954998
2020-03-03,-0.0046376876143074345,0.0016707592,-0.0046376876143074345
2020-03-04,0.0015985793812774052,0.0111770965,0.0015985793812774052
2020-03-05,-0.02511985353017798,0.0001130032,-0.02511985353017798
2020-03-06,-0.05019499598647564,0.0036114973,-0.05019499598647564
2020-03-09,0.0006647771623133455,0.009280716,0.0006647771623133455
2020-03-11,-0.08666894981793948,-0.0024772794,-0.0
2020-03-12,0.03735847654239177,0.009280716,0.03735847654239177
2020-03-13,-0.07917416945110371,0.0025967662,-0.07917416945110371
2020-03-16,-0.02536415171509603,0.009280716,-0.02536415171509603
2020-03-17,-0.05716792711513327,0.009280716,-0.05716792711513327
2020-03-18,-0.02454659954775134,0.009280716,-0.02454659954775134
2020-03-19,0.05669138794443699,0.009280716,0.05669138794443699
2020-03-20,-0.13903756461051203,0.0059701977,-0.13903756461051203
2020-03-23,0.024762292138464665,0.009280716,0.024762292138464665
2020-03-24,0.06414544603118057,0.0025967662,0.06414544603118057
2020-03-25,0.03816665439616388,0.0060372343,0.03816665439616388
2020-03-26,0.002173175106963937,0.0040095225,0.002173175106963937
2020-03-27,-0.04476782787370225,0.0014153519,-0.04476782787370225
2020-03-30,0.03752477847769833,0.0031880478,0.03752477847769833
2020-03-31,-0.040826864424490454,0.0037870964,-0.040826864424490454
2020-04-01,-0.02081164185069997,0.006433843,-0.02081164185069997
2020-04-03,0.08400295216282225,0.0057773055,0.08400295216282225
2020-04-07,-0.004954153987953298,0.0038846806,-0.004954153987953298
2020-04-08,0.0406704613937413,0.004864827,0.0406704613937413
2020-04-09,-0.013040327423561648,0.005543856,-0.013040327423561648
2020-04-13,-0.007651048328648555,-0.00019591251,-0.0
2020-04-15,0.007534316783542481,0.012052158,0.007534316783542481
2020-04-16,0.03000848934711599,0.010360162,0.03000848934711599
2020-04-17,-0.0005289542483047096,0.010413479,-0.0005289542483047096
2020-04-20,-0.030742409586860843,-0.0068099936,-0.0
2020-04-21,0.022660713376927297,-0.015084482,0.0
2020-04-22,0.013685875581327233,0.01129798,0.013685875581327233
2020-04-23,-0.017273269224786485,0.004851067,-0.017273269224786485
2020-04-24,0.01387465918374464,-0.0050595705,0.0
2020-04-27,0.010566409007242056,0.0058121043,0.010566409007242056
2020-04-28,0.01821608855026957,0.0032234767,0.01821608855026957
2020-04-29,0.03158422875946422,0.00374856,0.03158422875946422
2020-04-30,-0.059160835126554547,0.0035894872,-0.059160835126554547
2020-05-04,-0.009503278972569803,-0.0052585728,-0.0
2020-05-05,0.0070685522845568985,-0.004203917,0.0
2020-05-06,-0.0077803077564110755,0.010112723,-0.0077803077564110755
2020-05-07,0.005685503917787226,-0.0030641991,0.0
2020-05-08,-0.001330377581346701,0.0040640635,-0.001330377581346701
2020-05-11,-0.004626930470959459,-0.0036191142,-0.0
2020-05-12,0.02012974293547344,-0.0034922839,0.0
2020-05-13,-0.025996919937107583,0.012098761,-0.025996919937107583
2020-05-14,-0.0006455711236580218,-0.011014214,-0.0
2020-05-15,-0.03492536149006188,-0.0034354918,-0.0
2020-05-18,0.006309873650596998,0.0031603845,0.006309873650596998
2020-05-19,0.020891638839326522,0.005860503,0.020891638839326522
2020-05-20,0.004369195599480915,0.008326654,0.004369195599480915
2020-05-21,-0.00738478460081561,0.0029647762,-0.00738478460081561
2020-05-22,-0.00112907097030296,-0.0047883857,-0.0
2020-05-26,0.0311735219299972,-0.004235851,0.0
2020-05-27,0.018628451492543274,0.011998445,0.018628451492543274
2020-05-28,0.009459777532853096,0.004597706,0.009459777532853096
2020-05-29,0.025338352659720637,0.008075569,0.025338352659720637
2020-06-01,0.015445627746472025,0.011015385,0.015445627746472025
2020-06-02,0.008228342186278518,0.0035422614,0.008228342186278518
2020-06-03,-0.003230380747065696,0.0039514815,-0.003230380747065696
2020-06-04,0.01120921756965851,-0.0039132433,0.0
2020-06-05,0.0024914146063167966,-0.0023795846,0.0
2020-06-08,-0.011952175882067815,0.0029530062,-0.011952175882067815
2020-06-09,0.006893910822071789,0.00034446837,0.006893910822071789
2020-06-10,-0.021396438367806456,0.004157026,-0.021396438367806456
2020-06-11,0.007134696525776951,-0.0045357053,0.0
2020-06-12,-0.016092064938005003,0.007437499,-0.016092064938005003
2020-06-15,0.010168511071378764,-0.0008915905,0.0
2020-06-16,-0.0033189583187083734,0.0033096347,-0.0033189583187083734
2020-06-17,0.021079446670088396,0.00092564436,0.021079446670088396
2020-06-18,0.015022865002949488,0.0064417543,0.015022865002949488
2020-06-19,0.006499449097502718,-0.0013426553,0.0
2020-06-22,0.015378829255110686,-0.002071357,0.0
2020-06-23,-0.015951224257763807,-0.0029407742,-0.0
2020-06-24,-0.0015926248529521327,-0.0047611976,-0.0
2020-06-25,0.00910417112670767,0.0021758492,0.00910417112670767
2020-06-26,-0.006822760798075913,0.0031189756,-0.006822760798075913
2020-06-29,-0.0009993724909477652,0.0027681405,-0.0009993724909477652
2020-06-30,0.012343324106810436,-0.0031528731,0.0
2020-07-01,0.011595958752537541,0.0016357853,0.011595958752537541
2020-07-02,0.005260117338821228,0.0014970006,0.005260117338821228
2020-07-03,0.014627632603289031,0.0013936872,0.014627632603289031
2020-07-06,0.003339009534036716,0.0020137406,0.003339009534036716
2020-07-07,-0.008732782060989626,0.0011624466,-0.008732782060989626
2020-07-08,0.01000976742529668,0.0005625115,0.01000976742529668
2020-07-09,-0.00420734959083762,0.0007791418,-0.00420734959083762
2020-07-10,0.003212722824094239,0.00012996314,0.003212722824094239
2020-07-13,-0.018249000734889463,0.0002958096,-0.018249000734889463
2020-07-14,0.001022408086719745,0.00016744438,0.001022408086719745
2020-07-15,0.011400923444823241,0.0012418125,0.011400923444823241
2020-07-16,0.014948306530616993,0.0007590948,0.014948306530616993
2020-07-17,0.010992680250840313,0.000685222,0.010992680250840313
2020-07-20,0.012626110991777935,0.0007590948,0.012626110991777935
2020-07-21,-0.002659843741967638,0.0012996099,-0.002659843741967638
2020-07-22,0.007414603621325298,0.0016044665,0.007414603621325298
2020-07-23,-0.0019009541040186228,0.0012495331,-0.0019009541040186228
2020-07-24,-0.0055854955772852745,0.0011242832,-0.0055854955772852745
2020-07-27,0.015045520083450243,0.0001745644,0.015045520083450243
2020-07-28,-0.008683204468886633,0.0013893226,-0.008683204468886633
2020-07-29,-0.009029356907451743,0.0011121401,-0.009029356907451743
2020-07-30,-0.002588449519166038,0.0010818415,-0.002588449519166038
2020-07-31,-0.016558554850121334,0.0011143631,-0.016558554850121334
2020-08-03,0.01852527473195631,0.0010771233,0.01852527473195631
2020-08-04,0.0005766923029565639,0.003352162,0.0005766923029565639
2020-08-05,0.00883342483924069,0.0014303154,0.00883342483924069
2020-08-06,0.0012402330418245548,0.0015819955,0.0012402330418245548
2020-08-07,0.004990233307851035,0.0005771162,0.004990233307851035
2020-08-10,0.004634224153283686,0.0014749691,0.004634224153283686
2020-08-11,-0.0012460495124746427,0.00029383058,-0.0012460495124746427
2020-08-12,-0.0007032817179241128,-8.458421e-05,-0.0
2020-08-13,-0.010859185489107238,0.00012831598,-0.010859185489107238
2020-08-14,0.006126903182347498,0.000105923355,0.006126903182347498
2020-08-17,0.012217124027310865,0.000662139,0.012217124027310865
2020-08-18,0.002022553472584474,0.00069603306,0.002022553472584474
2020-08-19,-0.0084681538079335,0.0005443531,-0.0084681538079335
2020-08-20,0.005237178104313519,-1.7014867e-06,0.0
2020-08-21,0.008306412509926262,0.0006230184,0.008306412509926262
2020-08-24,0.000505678592222556,0.00072633167,0.000505678592222556
2020-08-25,0.006719694702452173,0.00057465164,0.006719694702452173
2020-08-26,0.0008352117348219679,0.0006230184,0.0008352117348219679
2020-08-27,0.007614134421611744,0.00057465164,0.007614134421611744
2020-08-28,-0.0225838540823065,0.0005927198,-0.0225838540823065
2020-08-31,0.007240464307211334,0.0010372156,0.007240464307211334
2020-09-01,0.005629164732428894,0.00029383058,0.005629164732428894
2020-09-02,-0.0006547270470620276,0.0005927198,-0.0006547270470620276
2020-09-03,-0.01693737589976223,0.0010363829,-0.01693737589976223
2020-09-04,0.001868773014980915,-2.0633808e-05,0.0
2020-09-07,-0.003325649779789579,0.00036878063,-0.003325649779789579
2020-09-08,-0.003482986529093653,-9.084808e-05,-0.0
2020-09-09,0.01507030028649042,0.0015852718,0.01507030028649042
2020-09-10,0.0013267344350831917,0.00037165472,0.0013267344350831917
2020-09-11,-0.002130620607789219,0.00032328806,-0.002130620607789219
2020-09-14,0.007120536611649034,-0.00019493143,0.0
2020-09-15,0.007156369643982706,0.00026339057,0.007156369643982706
2020-09-16,-0.007651223391398827,0.0009020682,-0.007651223391398827
2020-09-17,-0.0009686278452831663,-0.00016277572,-0.0
2020-09-18,-0.022360395533691877,8.063432e-05,-0.022360395533691877
2020-09-21,-0.008650165364363744,-0.00038227864,-0.0
2020-09-22,-0.0019564998051874198,0.0003205624,-0.0019564998051874198
2020-09-23,-0.02975046086629724,-0.0013226309,-0.0
2020-09-24,0.02239317919403798,0.0007785968,0.02239317919403798
2020-09-25,0.015917509782938703,0.0016863523,0.015917509782938703
2020-09-28,-0.00045874615382283734,0.00042742642,-0.00045874615382283734
2020-09-29,0.0022384940193966077,-0.00021921162,0.0
2020-09-30,0.014948800566928164,0.00035562023,0.014948800566928164
2020-10-01,0.007539152980994381,0.0024208496,0.007539152980994381
2020-10-05,0.013731761801546099,0.0014320014,0.013731761801546099
2020-10-06,0.006533795478530655,0.0014658956,0.006533795478530655
2020-10-07,0.008123590712403974,0.0014320014,0.008123590712403974
2020-10-08,0.00670357110102055,0.0009799531,0.00670357110102055
2020-10-09,0.0014048980594053501,0.0010319047,0.0014048980594053501
2020-10-12,0.0002974848313881938,0.0008033546,0.0002974848313881938
2020-10-13,0.0030578533826602027,-0.0003344579,0.0
2020-10-14,-0.024583309443990238,-0.0005784513,-0.0
2020-10-15,0.007004361448563385,-0.0029893483,0.0
2020-10-16,0.009358838750109354,0.00029383058,0.009358838750109354
2020-10-19,0.0019983305148122575,0.00069603306,0.0019983305148122575
2020-10-20,0.003427863919924764,0.0005443531,0.003427863919924764
2020-10-21,-0.0034572511936285335,0.00092481263,-0.0034572511936285335
2020-10-22,0.002845488039808009,0.00020293453,0.002845488039808009
2020-10-23,-0.01372280171939824,0.00032138152,-0.01372280171939824
2020-10-26,0.010284540688903391,-0.00053553784,0.0
2020-10-27,-0.013531751526031222,0.0015343139,-0.013531751526031222
2020-10-28,-0.0050255491286022155,-0.0005271328,-0.0
2020-10-29,-0.0024363388871728973,-0.00021167738,-0.0
2020-10-30,0.00229500061940095,0.00033874883,0.00229500061940095
2020-11-02,0.01229430453308261,0.0016789389,0.01229430453308261
2020-11-03,0.008009485529747545,0.0007160365,0.008009485529747545
2020-11-04,0.017629285844443805,0.0005927198,0.017629285844443805
2020-11-05,0.011749715515175936,0.0031769013,0.011749715515175936
2020-11-06,0.015976331587139476,0.0021004044,0.015976331587139476
2020-11-09,0.013554232066476922,0.0031511385,0.013554232066476922
2020-11-10,0.009302637490367565,0.0021004044,0.009302637490367565
2020-11-11,-0.004587327240413277,0.0003044989,-0.004587327240413277
2020-11-12,0.0022943363271255195,0.0010728318,0.0022943363271255195
2020-11-13,0.012053681426341886,0.0012146785,0.012053681426341886
2020-11-17,0.004962716492027381,0.000708994,0.004962716492027381
2020-11-18,-0.012956239372488106,-0.000556981,-0.0
2020-11-19,0.006816027431926412,1.0309602e-05,0.006816027431926412
2020-11-20,0.0052277864790618534,0.0005927198,0.0052277864790618534
2020-11-23,0.009907106958531581,0.0005927198,0.009907106958531581
2020-11-24,-0.015185397205090293,0.0022642075,-0.015185397205090293
2020-11-25,0.009951532476185488,0.00029737505,0.009951532476185488
2020-11-26,-0.0013908030691388337,-0.0007139044,-0.0
2020-11-27,0.01074476242399418,0.0013566052,0.01074476242399418
2020-12-01,0.0003584815807498976,0.0044848556,0.0003584815807498976
2020-12-02,0.0015354055912646832,0.0017919011,0.0015354055912646832
2020-12-03,0.009445908959648398,0.0014585673,0.009445908959648398
2020-12-04,0.007304391112653887,0.0016102474,0.007304391112653887
2020-12-07,0.002781459960611745,0.0012192345,0.002781459960611745
2020-12-08,0.010114428562528128,0.00032138152,0.010114428562528128
2020-12-09,-0.0037619219695161584,0.0013528465,-0.0037619219695161584
2020-12-10,0.0026340862816878062,0.0005105,0.0026340862816878062
2020-12-11,0.0032728147749187795,0.00057465164,0.0032728147749187795
2020-12-14,0.0007151234360649028,0.00057465164,0.0007151234360649028
2020-12-15,0.008429280641864136,0.0005083508,0.008429280641864136
2020-12-16,0.004229970438016461,0.0005697821,0.004229970438016461
2020-12-17,0.0014435425896574643,0.0005567174,0.0014435425896574643
2020-12-18,-0.03190866215630266,-0.00021490591,-0.0
2020-12-21,0.010293127415086657,-0.0036325091,0.0
2020-12-22,0.009960389402299756,0.0005503159,0.009960389402299756
2020-12-23,0.01083363406633502,-0.00024658808,0.0
2020-12-24,0.008974658395164679,-0.00024658808,0.0
2020-12-28,0.004272454296258275,-0.00024658808,0.0
2020-12-29,0.003535836164182277,0.0011621049,0.003535836164182277
2020-12-30,-1.4318227638304822e-05,0.0011137382,-1.4318227638304822e-05
2020-12-31,0.002624978069994666,0.0009983124,0.002624978069994666
2021-01-01,0.008127554493474463,-0.000398268,0.0
2021-01-04,0.00470131235786493,-0.00034990138,0.0
2021-01-05,-0.0037571814216639365,-0.0005300847,-0.0
2021-01-06,-0.0006293676223474675,-0.00074674183,-0.0
2021-01-07,0.014738082534464191,-0.0007445189,0.0
2021-01-08,0.00953808562855032,0.00046383377,0.00953808562855032
2021-01-11,0.0054186068221036155,0.001018343,0.0054186068221036155
2021-01-12,9.608621670051523e-05,0.00036052053,9.608621670051523e-05
2021-01-13,0.002109021789565324,0.0014215625,0.002109021789565324
2021-01-14,-0.01115432296065278,0.0012449771,-0.01115432296065278
2021-01-15,-0.010614788200058034,1.0309602e-05,-0.010614788200058034
2021-01-18,0.01665525875641371,-5.9320457e-05,0.0
2021-01-19,0.008472274336760961,0.0023274154,0.008472274336760961
2021-01-20,-0.003718184091801354,0.00042537975,-0.003718184091801354
2021-01-21,-0.015085386074712022,-0.0008071358,-0.0
2021-01-22,-0.009297255190251277,-0.00070597586,-0.0
2021-01-25,-0.019244480891583437,-0.0005717932,-0.0
2021-01-27,-0.010793693167934581,-0.0017105793,-0.0
2021-01-28,-0.013328858232496075,0.0008261284,-0.013328858232496075
2021-01-29,0.04633334971971787,0.012048602,0.04633334971971787
2021-02-01,0.025349539675742865,0.00244683,0.025349539675742865
2021-02-02,0.009654368913945022,0.00055576686,0.009654368913945022
2021-02-03,0.007121340982025425,0.00055581814,0.007121340982025425
2021-02-04,0.0019181565175802602,-2.6300218e-05,0.0
2021-02-05,0.012753134705385865,-0.0011616873,0.0
2021-02-08,-0.00043010611605642915,-0.0013499022,-0.0
2021-02-09,-0.00018532057490518592,0.00076102733,-0.00018532057490518592
2021-02-10,0.004412176664707947,-0.0015581457,0.0
2021-02-11,-0.0006592696934370658,-0.0011263993,-0.0
2021-02-12,0.009935142462115996,-0.0005440417,0.0
2021-02-15,-8.162425642763527e-05,-0.00022629426,-0.0
2021-02-16,-0.006850731452785171,-0.00025659928,-0.0
2021-02-17,-0.005931871684390037,-0.0011566263,-0.0
2021-02-18,-0.009116143118184506,8.418236e-05,-0.009116143118184506
2021-02-19,-0.02063971564030592,8.418236e-05,-0.02063971564030592
2021-02-22,0.002184873969705697,0.0009332626,0.002184873969705697
2021-02-23,0.01847152850052029,0.00042486723,0.01847152850052029
2021-02-24,0.007669725331353619,0.0018266158,0.007669725331353619
2021-02-25,-0.03836220275630364,-0.00045025419,-0.0
2021-02-26,0.01586881087701919,0.00018132676,0.01586881087701919
2021-03-01,0.010616431079728933,0.0007323925,0.010616431079728933
2021-03-02,0.02164866615239294,0.0004039869,0.02164866615239294
2021-03-03,-0.010871815118793142,0.0004255742,-0.010871815118793142
2021-03-04,-0.009504125991607463,-0.0012213442,-0.0
2021-03-05,0.001210972544447202,2.4884692e-05,0.001210972544447202
2021-03-08,0.009462861169810146,0.00035562023,0.009462861169810146
2021-03-09,0.005047340602462587,0.0003500894,0.005047340602462587
2021-03-10,-0.009524722735275023,0.0003500894,-0.009524722735275023
2021-03-12,-0.006772300308835674,-0.00095663103,-0.0
2021-03-15,-0.0012767988653300596,-0.0011978042,-0.0
2021-03-16,-0.01276691115553913,-0.00072716444,-0.0
2021-03-17,-0.011165071153974405,0.0009005205,-0.011165071153974405
2021-03-18,0.012705880170274957,0.0023105699,0.012705880170274957
2021-03-19,-0.0005155703072306843,0.0042430027,-0.0005155703072306843
2021-03-22,0.005302656033791128,0.0018294936,0.005302656033791128
2021-03-23,-0.018073523592070435,0.0007160365,-0.018073523592070435
2021-03-24,-0.015550473459416195,-0.0011816705,-0.0
2021-03-25,0.012652648509180619,0.00043974628,0.012652648509180619
2021-03-26,0.023017860602701366,0.0022626175,0.023017860602701366
2021-03-30,-0.010455164345430578,0.002021623,-0.010455164345430578
2021-03-31,0.011952853344086897,0.0016678553,0.011952853344086897
2021-04-01,-0.015560296479187625,0.0010921437,-0.015560296479187625
2021-04-05,0.0031172037135109875,0.0038264638,0.0031172037135109875
2021-04-06,0.0091890876818974,0.00027776172,0.0091890876818974
2021-04-07,0.003687760707936765,0.0020360355,0.003687760707936765
2021-04-08,-0.0026221466406612408,0.0019876687,-0.0026221466406612408
2021-04-09,-0.03596463281723922,-0.00062190025,-0.0
2021-04-12,0.013465132344700306,0.00034990348,0.013465132344700306
2021-04-13,0.005270570669209097,0.00032612833,0.005270570669209097
2021-04-15,0.0024931716281266104,0.00032612833,0.0024931716281266104
2021-04-16,-0.01783508230882999,0.00027776172,-0.01783508230882999
2021-04-19,-0.0044004910090830246,0.0013306988,-0.0044004910090830246
2021-04-20,0.007647441212800463,0.0022011588,0.007647441212800463
2021-04-22,-0.004508280094204329,0.0026949313,-0.004508280094204329
2021-04-23,0.009966685459202936,0.0014255063,0.009966685459202936
2021-04-26,0.011534860370141113,0.002232219,0.011534860370141113
2021-04-27,0.014330678808834763,0.0016878117,0.014330678808834763
2021-04-28,0.002039728305535653,0.0023689992,0.002039728305535653
2021-04-29,-0.017869525228607498,0.0010303954,-0.017869525228607498
2021-04-30,0.0002084917272909865,0.0009965616,0.0002084917272909865
2021-05-03,-0.009450624224999165,0.0031256487,-0.009450624224999165
2021-05-04,0.008336116981918119,0.0020108179,0.008336116981918119
2021-05-05,0.007289775876840782,0.0022935306,0.007289775876840782
2021-05-06,0.006657040403640492,0.0022241115,0.006657040403640492
2021-05-07,0.008009262800994111,0.0006230184,0.008009262800994111
2021-05-10,-0.006149068019026527,0.0006230184,-0.006149068019026527
2021-05-11,-0.0104409988264523,0.0006872525,-0.0104409988264523
2021-05-12,-0.001273235308628596,-0.0004313664,-0.0
2021-05-14,0.016577589783995917,0.0010840645,0.016577589783995917
2021-05-17,0.012317273309973075,0.0032133774,0.012317273309973075
2021-05-18,-0.005172788238334181,0.0007287962,-0.005172788238334181
2021-05-19,-0.008291052039504188,0.0010818415,-0.008291052039504188
2021-05-20,0.01790193553229923,-0.00040557838,0.0
2021-05-21,0.0014750202275935762,0.0032096643,0.0014750202275935762
2021-05-24,0.0007070938155468382,0.00057465164,0.0007070938155468382
2021-05-25,0.0060964006336564555,0.00057465164,0.0060964006336564555
2021-05-26,0.0023759962804964516,0.0006230184,0.0023759962804964516
2021-05-27,0.006356190262519319,0.0011873373,0.006356190262519319
2021-05-28,0.00948793489109113,0.0006230184,0.00948793489109113
2021-05-31,-0.000510320620107419,0.00072633167,-0.000510320620107419
2021-06-01,8.67120656808025e-05,0.00047883447,8.67120656808025e-05
2021-06-02,0.007301728008600275,0.0006960267,0.007301728008600275
2021-06-03,-0.0012818385093088212,0.0006230184,-0.0012818385093088212
2021-06-04,0.0051811361952536165,0.00060310104,0.0051811361952536165
2021-06-07,-0.0007335750962069031,0.00086603704,-0.0007335750962069031
2021-06-08,-0.0066772200430738555,0.00060310104,-0.0066772200430738555
2021-06-09,0.006527933518834105,0.00017895576,0.006527933518834105
2021-06-10,0.003906490354253145,0.00046646883,0.003906490354253145
2021-06-11,0.0007908589968395644,0.00041810216,0.0007908589968395644
2021-06-14,0.003623640223476974,0.0005083508,0.003623640223476974
2021-06-15,-0.006429256198967984,0.00041810216,-0.006429256198967984
2021-06-16,-0.004841201776747716,0.00017895576,-0.004841201776747716
2021-06-17,-0.0005132013116724437,3.5452944e-05,-0.0005132013116724437
2021-06-18,0.0040185031994205474,0.000116453586,0.0040185031994205474
2021-06-21,0.0016656491552922152,0.0005328144,0.0016656491552922152
2021-06-22,-0.005454598542621072,0.0005083508,-0.005454598542621072
2021-06-23,0.006576170313444658,-6.800233e-05,0.0
2021-06-24,0.004416920149496724,0.0005567174,0.004416920149496724
2021-06-25,-0.0028823598351750412,0.00046646883,-0.0028823598351750412
2021-06-28,-0.004197939462444536,3.9253e-06,-0.004197939462444536
2021-06-29,-0.0017127578361914226,-0.00015825099,-0.0
2021-06-30,-0.0026431873739428875,0.00019032629,-0.0026431873739428875
2021-07-01,0.0026877238189711517,0.00010007768,0.0026877238189711517
2021-07-02,0.007107867426692256,0.00089973107,0.007107867426692256
2021-07-05,-0.0010172694162285671,0.00109511,-0.0010172694162285671
2021-07-06,0.003874103121228537,0.00017868444,0.003874103121228537
2021-07-07,-0.009602209739377547,0.0007617192,-0.009602209739377547
2021-07-08,-0.0024254228908178565,-0.0011819847,-0.0
2021-07-09,0.00017843152513541638,0.00020346916,0.00017843152513541638
2021-07-12,0.0076020168050800795,0.0008874563,0.0076020168050800795
2021-07-13,0.00262743737830436,0.0011003426,0.00262743737830436
2021-07-14,0.0044212840314639245,0.0007617192,0.0044212840314639245
2021-07-15,-5.022699813825734e-05,0.0009095593,-5.022699813825734e-05
2021-07-16,-0.010796990571541962,0.00091686926,-0.010796990571541962
2021-07-19,-0.007666291987629491,-4.896618e-05,-0.0
2021-07-20,0.012204454864528006,0.0006207924,0.012204454864528006
2021-07-22,0.0020201963552988087,0.0017988384,0.0020201963552988087
2021-07-23,-0.001994894010794567,0.0010220814,-0.001994894010794567
2021-07-26,-0.004941269190283573,-0.0005278401,-0.0
2021-07-27,-0.0023556712745251398,-0.00028622604,-0.0
2021-07-28,0.0043858132000563635,0.000577676,0.0043858132000563635
2021-07-29,-0.000976516135808173,0.001108406,-0.000976516135808173
2021-07-30,0.007716153904229494,-0.00041359494,0.0
2021-08-02,0.015342653128218075,-0.00015923637,0.0
2021-08-03,0.007906900379200192,0.0011443979,0.007906900379200192
2021-08-04,0.002199451962862978,0.001582652,0.002199451962862978
2021-08-05,-0.0034672374282357825,0.00097515614,-0.0034672374282357825
2021-08-06,0.0012339690711517842,0.00015617313,0.0012339690711517842
2021-08-09,0.0013430068163520583,0.00016944004,0.0013430068163520583
2021-08-10,0.00013207834532344713,-0.0002516303,0.0
2021-08-11,0.005032710127087298,0.0010417495,0.005032710127087298
2021-08-12,0.010014172717061967,0.0004155328,0.010014172717061967
2021-08-13,0.0020519176533692787,0.0021003268,0.0020519176533692787
2021-08-16,0.0031074454639570138,-0.00065859564,0.0
2021-08-17,-0.002757400455017452,-0.0005585761,-0.0
2021-08-18,-0.007168531033199722,-0.0018334059,-0.0
2021-08-20,0.002789286998064274,-0.00041359494,0.0
2021-08-23,0.007738343720985011,0.00078657997,0.007738343720985011
2021-08-24,0.0006043901504665573,0.0010912343,0.0006043901504665573
2021-08-25,0.00013525068417903375,0.0007617192,0.00013525068417903375
2021-08-26,0.004096857993577663,0.00091686926,0.004096857993577663
2021-08-27,0.013429259014094868,0.00034214073,0.013429259014094868
2021-08-30,0.011810427696351353,0.002526476,0.011810427696351353
2021-08-31,-0.0032710789243950112,0.0012473165,-0.0032710789243950112
2021-09-01,0.009204293951085803,0.0003877673,0.009204293951085803
2021-09-02,0.005176808010644206,0.002526476,0.005176808010644206
2021-09-03,0.003123863322045117,0.0015707049,0.003123863322045117
2021-09-06,-0.0009039273439216094,0.0013746944,-0.0009039273439216094
2021-09-07,-0.0004954320044973781,-0.0019275051,-0.0
2021-09-08,0.0009071862729865194,0.00030037423,0.0009071862729865194
2021-09-09,-0.0008034211637875494,-0.0023865656,-0.0
2021-09-13,0.0014221395731308123,-0.0010896875,0.0
2021-09-14,0.007991527890878581,-0.0012007925,0.0
2021-09-15,0.006261987530756848,-0.00014090148,0.0
2021-09-16,-0.002518817158814708,-0.0009146381,-0.0
2021-09-17,-0.01076276621795277,-0.0028366523,-0.0
2021-09-20,0.009445425055689747,-0.00082125206,0.0
2021-09-21,-0.0008744061752431491,0.0013212218,-0.0008744061752431491
2021-09-22,0.01562383807742847,-0.0011439353,0.0
2021-09-23,0.0016958112674268218,-2.8305749e-05,0.0
2021-09-24,0.00010643971788971012,-0.0015324064,0.0
2021-09-27,-0.005982542262753364,0.0007008919,-0.005982542262753364
2021-09-28,-0.002103719495544819,-0.00078476063,-0.0
2021-09-29,-0.005273255224157625,-0.00078476063,-0.0
2021-09-30,-0.004898963801205104,-0.0013040362,-0.0
2021-10-01,0.009039488024266832,-0.0007248768,0.0
2021-10-04,0.007380358946066971,7.7621866e-05,0.007380358946066971
2021-10-05,-0.009941397212065623,0.00022409318,-0.009941397212065623
2021-10-06,0.00814702470131476,-0.0009330386,0.0
2021-10-07,0.005876323303578524,-9.274759e-05,0.0
2021-10-08,0.0028319423974920437,-0.00026955752,0.0
2021-10-11,0.002559973015762186,-0.00044070737,0.0
2021-10-12,0.00939334195098345,0.00011482973,0.00939334195098345
2021-10-13,0.009687709975996201,0.0016781933,0.009687709975996201
2021-10-14,0.007524019573498294,0.0019092093,0.007524019573498294
2021-10-18,-0.0031602962146704853,0.0013232948,-0.0031602962146704853
2021-10-19,-0.008294933244362599,0.00060491817,-0.008294933244362599
2021-10-20,-0.004856682911584848,-0.0012683242,-0.0
2021-10-21,-0.0034827257394313984,-0.00078476063,-0.0
2021-10-22,0.0005794654054989729,-0.00143621,0.0
2021-10-25,0.00785852166355233,-8.360647e-05,0.0
2021-10-26,-0.0031497940609639214,0.00080179685,-0.0031497940609639214
2021-10-27,-0.019613430387588483,-0.0005005206,-0.0
2021-10-28,-0.010447905544470225,-0.00047714845,-0.0
2021-10-29,0.014494106171593095,-0.0003865448,0.0
2021-11-01,-0.002272628736845954,0.0013234182,-0.002272628736845954
2021-11-02,-0.003345641269055336,-4.6271227e-05,-0.0
2021-11-03,0.0049013449265533065,0.00066749466,0.0049013449265533065
2021-11-04,0.008434037348294714,0.0011869017,0.008434037348294714
2021-11-08,-0.0013458266538282125,0.0013361034,-0.0013458266538282125
2021-11-09,-0.0015002606334366785,-0.00012102615,-0.0
2021-11-10,-0.00800207185820445,-0.0011028076,-0.0
2021-11-11,0.012739118453093435,0.00056538713,0.012739118453093435
2021-11-12,0.00036999789965571825,0.0009513681,0.00036999789965571825
2021-11-15,-0.006106589273008452,-0.0003088981,-0.0
2021-11-16,-0.005601956226916921,-0.0008007519,-0.0
2021-11-17,-0.007506297537132803,9.0884816e-05,-0.007506297537132803
2021-11-18,-0.01979806684873854,-0.00040904255,-0.0
2021-11-22,0.004971320417088634,0.0017265548,0.004971320417088634
2021-11-23,-0.005057449101021469,0.0002910681,-0.005057449101021469
2021-11-24,0.006935347288237329,-0.00012168036,0.0
2021-11-25,-0.029502195657113865,0.0008967557,-0.029502195657113865
2021-11-26,0.0016138312478338214,0.001338602,0.0016138312478338214
2021-11-29,-0.0041572285072535705,-0.00045929485,-0.0
2021-11-30,0.010758559762450211,0.0007324381,0.010758559762450211
2021-12-01,0.013581917861660867,0.0011408109,0.013581917861660867
2021-12-02,-0.011847592241934006,0.0015202855,-0.011847592241934006
2021-12-03,-0.016679248094838027,-0.009173573,-0.0
2021-12-06,0.015515557382479443,0.003088833,0.015515557382479443
2021-12-07,0.016917044993306308,0.00019178166,0.016917044993306308
2021-12-08,0.002692438725331353,0.0019251722,0.002692438725331353
2021-12-09,-0.00031682107730694167,0.00017638275,-0.00031682107730694167
2021-12-10,-0.0082026046847206,-0.00018554452,-0.0
2021-12-13,-0.0024990311601760175,-0.001430039,-0.0
2021-12-14,-0.005991976410169169,-0.0019994366,-0.0
2021-12-15,0.0015665890089298405,-0.0003815566,0.0
2021-12-16,-0.015377077556357827,-0.0029952794,-0.0
2021-12-17,-0.022084626281366433,-0.00082210096,-0.0
2021-12-20,0.009384532645495392,0.0014851595,0.009384532645495392
2021-12-21,0.010947032985081793,0.00096803874,0.010947032985081793
2021-12-22,0.006885546336514033,0.0003322291,0.006885546336514033
2021-12-23,-0.0040409083631890875,-0.0010779577,-0.0
2021-12-24,0.004840138519222991,-0.00096395373,0.0
2021-12-27,0.008566610759914585,-6.8042296e-05,0.0
2021-12-28,-0.00114091088034896,0.001734149,-0.00114091088034896
2021-12-29,-0.0005607831589689821,0.00041551664,-0.0005607831589689821
2021-12-30,0.008686990360265219,0.00041551664,0.008686990360265219
2021-12-31,0.015532066331647875,-0.00025763738,0.0
2022-01-03,0.01013533773365083,0.0020553728,0.01013533773365083
2022-01-04,0.006716975758933995,0.0018830247,0.006716975758933995
2022-01-05,-0.01005580805311726,0.0015675664,-0.01005580805311726
2022-01-06,0.0037571168401497185,0.00066897017,0.0037571168401497185
2022-01-07,0.010643475643964555,0.00088747195,0.010643475643964555
2022-01-10,0.0029090757855369247,0.0016771487,0.0029090757855369247
2022-01-11,0.008635720331115329,0.0007617192,0.008635720331115329
2022-01-12,0.002492514833041471,0.0013735408,0.002492514833041471
2022-01-13,-0.00011232987251458901,0.00034633992,-0.00011232987251458901
2022-01-14,0.0028634646353713476,0.0012070156,0.0028634646353713476
2022-01-17,-0.010710847446216868,-0.0009655189,-0.0
2022-01-18,-0.009689027834056424,0.00089800224,-0.009689027834056424
2022-01-19,-0.010163883876396832,-0.0007055783,-0.0
2022-01-20,-0.00790692279190989,0.0005733341,-0.00790692279190989
2022-01-21,-0.02692721026213864,-0.0009901874,-0.0
2022-01-24,0.0074854055398087425,0.013396884,0.0074854055398087425
2022-01-25,-0.009759199363728934,0.0020772915,-0.009759199363728934
2022-01-27,-0.0004794310858279706,0.010382269,-0.0004794310858279706
2022-01-28,0.01381485185545943,0.003362932,0.01381485185545943
2022-01-31,0.013575374822651254,-4.654677e-05,0.0
2022-02-01,0.01149155699474709,0.0027206973,0.01149155699474709
2022-02-02,-0.01243929691182117,0.0010175018,-0.01243929691182117
2022-02-03,-0.002503012582150695,-0.00020274524,-0.0
2022-02-04,-0.017432174227495423,-0.002469732,-0.0
2022-02-07,0.003082940476216172,-0.009356461,0.0
2022-02-08,0.0113475249468573,-0.0009183213,0.0
2022-02-09,0.00810099920504003,-7.073734e-05,0.0
2022-02-10,-0.013213208134273142,-0.0010282603,-0.0
2022-02-11,-0.031094690696753635,-0.0030577008,-0.0
2022-02-14,0.02981034961442144,-0.0076715364,0.0
2022-02-15,-0.001744791023833279,0.006749034,-0.001744791023833279
2022-02-16,-0.001016531212017758,-0.0013441058,-0.0
2022-02-17,-0.0016366742405402451,-0.000530419,-0.0
2022-02-18,-0.004039705592356217,-0.00034525697,-0.0
2022-02-21,-0.00667378632095619,-0.0002982877,-0.0
2022-02-22,-0.0016951453630000418,-0.00068948563,-0.0
2022-02-23,-0.04896026903082192,0.00029086406,-0.04896026903082192
2022-02-24,0.024947858168202962,0.019676104,0.024947858168202962
2022-02-25,0.008101131335537446,-0.002253879,0.0
2022-02-28,-0.011254730666993663,0.0028823884,-0.011254730666993663
2022-03-02,-0.006518778370608893,0.0002950565,-0.006518778370608893
2022-03-03,-0.015435549523985674,9.765319e-05,-0.015435549523985674
2022-03-04,-0.023807855961420165,0.004454593,-0.023807855961420165
2022-03-07,0.009430172336242727,-6.792662e-05,0.0
2022-03-08,0.020514423015661167,-0.001133953,0.0
2022-03-09,0.015152013456311012,0.0015733028,0.015152013456311012
2022-03-10,0.0021398626113986923,0.0025653471,0.0021398626113986923
2022-03-11,0.014378694372337426,0.00349099,0.014378694372337426
2022-03-14,-0.012423307208470636,0.006270979,-0.012423307208470636
2022-03-15,0.018571576221107083,0.009524458,0.018571576221107083
2022-03-16,0.01819544269851146,0.00069309614,0.01819544269851146
2022-03-17,-0.009850560325581039,0.0029430878,-0.009850560325581039
2022-03-21,0.011494902983443505,-0.00073707674,0.0
2022-03-22,-0.004042093720190609,0.0019981796,-0.004042093720190609
2022-03-23,-0.0013287761390126268,0.00041178914,-0.0013287761390126268
2022-03-24,-0.004058098847076208,-0.00031009153,-0.0
2022-03-25,0.004014550846285441,0.0028415541,0.004014550846285441
2022-03-28,0.00598026976240216,0.0015127741,0.00598026976240216
2022-03-29,0.009932969892759297,0.0015214591,0.009932969892759297
2022-03-30,-0.001916312115762529,0.0016261034,-0.001916312115762529
2022-03-31,0.01170914487476482,0.00093034975,0.01170914487476482
2022-04-01,0.0214403456403388,0.0027176826,0.0214403456403388
2022-04-04,-0.005331746328175393,0.0048909676,-0.005331746328175393
2022-04-05,-0.008374145812508964,-0.0014970844,-0.0
2022-04-06,-0.009484577848941177,0.0037942552,-0.009484577848941177
2022-04-07,0.008175250776633796,0.0002765301,0.008175250776633796
2022-04-08,-0.006170496392137639,0.0010671684,-0.006170496392137639
2022-04-11,-0.008217481851263662,0.0004997835,-0.008217481851263662
2022-04-12,-0.0031223510971550208,0.0006145622,-0.0031223510971550208
2022-04-13,-0.017432250630348714,0.00086789945,-0.017432250630348714
2022-04-18,-0.012598203971631295,0.0031197777,-0.012598203971631295
2022-04-19,0.010435603778864927,0.002968589,0.010435603778864927
2022-04-20,0.014831150992767859,0.0024792547,0.014831150992767859
2022-04-21,-0.012767612798961313,0.0025169419,-0.012767612798961313
2022-04-22,-0.012776394201003337,0.0018962825,-0.012776394201003337
2022-04-25,0.014455140840464372,0.002954805,0.014455140840464372
2022-04-26,-0.00948629657994312,0.0036776296,-0.00948629657994312
2022-04-27,0.012055547873445796,0.0027002397,0.012055547873445796
2022-04-28,-0.008297570200330234,0.0037263713,-0.008297570200330234
2022-04-29,-0.0019578324241160947,0.002418987,-0.0019578324241160947
2022-05-02,-0.023203310190181764,0.002485957,-0.023203310190181764
2022-05-04,0.00030280236440618743,0.0037313623,0.00030280236440618743
2022-05-05,-0.016402205362178027,0.007967804,-0.016402205362178027
2022-05-06,-0.0066885009232451696,0.0064822845,-0.0066885009232451696
2022-05-09,-0.003798172823006312,0.007332871,-0.003798172823006312
2022-05-10,-0.004502112641840228,0.0058843144,-0.004502112641840228
2022-05-11,-0.022462147872579268,0.0071805455,-0.022462147872579268
2022-05-12,-0.0016365617019766783,-0.0027109848,-0.0
2022-05-13,0.003803986233609079,0.0037472239,0.003803986233609079
2022-05-16,0.025981475212963467,0.0076238117,0.025981475212963467
2022-05-17,-0.0011692453072036017,-0.00063829875,-0.0
2022-05-18,-0.026891070897403772,0.000688538,-0.026891070897403772
2022-05-19,0.02848156086057151,-0.0049259383,0.0
2022-05-20,-0.0031680351601504043,0.001386854,-0.0031680351601504043
2022-05-23,-0.005538061057189644,-0.0012667057,-0.0
2022-05-24,-0.006180277818558741,-0.0012188972,-0.0
2022-05-25,0.008967062770830264,-0.0006097705,0.0
2022-05-26,0.011210771015034579,0.0012759072,0.011210771015034579
2022-05-27,0.018716945110386057,-0.00079564145,0.0
2022-05-30,-0.004623104079880039,0.0021162108,-0.004623104079880039
2022-05-31,-0.003733367056413342,8.3892655e-06,-0.003733367056413342
2022-06-01,0.006349802260260305,8.3892655e-06,0.006349802260260305
2022-06-02,-0.0026315095876877827,0.0009144956,-0.0026315095876877827
2022-06-03,-0.0008897910968418909,0.0019060873,-0.0008897910968418909
2022-06-06,-0.009288955076891798,0.00030832077,-0.009288955076891798
2022-06-07,-0.003667678332650513,0.0023180575,-0.003667678332650513
2022-06-08,0.007422115570615706,-0.0004989493,0.0
2022-06-09,-0.01690986774485526,0.0010006794,-0.01690986774485526
2022-06-10,-0.026733937520215956,0.0025124273,-0.026733937520215956
2022-06-13,-0.0026852114114221596,0.004325425,-0.0026852114114221596
2022-06-14,-0.0025425739848417965,0.006820397,-0.0025425739848417965
2022-06-15,-0.021354848179315097,0.004375012,-0.021354848179315097
2022-06-16,-0.004377862497838008,0.016202347,-0.004377862497838008
2022-06-17,0.0036973698916184226,0.0067559686,0.0036973698916184226
2022-06-20,0.018629721921802747,0.0032021452,0.018629721921802747
2022-06-21,-0.01452423294963793,-0.006306889,-0.0
2022-06-22,0.009257464658604653,0.0022298065,0.009257464658604653
2022-06-23,0.009124715461734611,-0.010185688,0.0
2022-06-24,0.008423413606869335,0.00011726301,0.008423413606869335
2022-06-27,0.0011457767431705531,0.0020109315,0.0011457767431705531
2022-06-28,-0.003229179201912245,0.0013946901,-0.003229179201912245
2022-06-29,-0.0011937935294284723,0.0025370733,-0.0011937935294284723
2022-06-30,-0.0017886549985601772,0.004519969,-0.0017886549985601772
2022-07-01,0.005274254882250374,0.0031230524,0.005274254882250374
2022-07-04,-0.0015483695040555473,0.0030985842,-0.0015483695040555473
2022-07-05,0.01125461822453212,-0.00020508522,0.0
2022-07-06,0.00890968266712923,0.0014748716,0.00890968266712923
2022-07-07,0.005421325887187373,0.0014500108,0.005421325887187373
2022-07-08,-0.00028360614005298526,0.0006769197,-0.00028360614005298526
2022-07-11,-0.009772571447684876,0.00028074902,-0.009772571447684876
2022-07-12,-0.0057236413300785416,0.00015179011,-0.0057236413300785416
2022-07-13,-0.0017551946856914542,0.00015179011,-0.0017551946856914542
2022-07-14,0.006912014580365188,-3.127261e-05,0.0
2022-07-15,0.014186202470718856,0.00096715166,0.014186202470718856
2022-07-18,0.003804517906147779,0.0025926966,0.003804517906147779
2022-07-19,0.010973459265845803,0.0011502147,0.010973459265845803
2022-07-20,0.005095714512164849,0.0019935896,0.005095714512164849
2022-07-21,0.006853755230166662,0.0006769197,0.006853755230166662
2022-07-22,-0.005304241963650273,0.0006769197,-0.005304241963650273
2022-07-25,-0.008887333683346772,0.00030205937,-0.008887333683346772
2022-07-26,0.00953655956008488,0.00030205937,0.00953655956008488
2022-07-27,0.017145896529526243,0.0020678262,0.017145896529526243
2022-07-28,0.013415561413115864,0.0023167352,0.013415561413115864
2022-07-29,0.010539792401854702,0.0014388348,0.010539792401854702
2022-08-01,0.0003112792114048116,0.0012731368,0.0003112792114048116
2022-08-02,0.002458783072766921,-0.0008211136,0.0
2022-08-03,-0.00035377417814128954,-0.0011171371,-0.0
2022-08-04,0.0008913297215996853,0.00044054847,0.0008913297215996853
2022-08-05,0.007307599012140524,0.0011502147,0.007307599012140524
2022-08-08,0.0005505095416120064,0.0011291605,0.0005505095416120064
2022-08-10,0.007060942140366637,-0.0020063755,0.0
2022-08-11,0.0022145679837284517,-0.0020377168,0.0
2022-08-12,0.007155855032733008,-0.0020063755,0.0
2022-08-16,0.006653737907021656,-0.0032080864,0.0
2022-08-17,0.0006824370229270742,-0.0021916663,0.0
2022-08-18,-0.011090751389954998,-0.0038308005,-0.0
2022-08-19,-0.015192148554208883,-0.00028888675,-0.0
2022-08-22,0.004950408657946044,-0.0002518619,0.0
2022-08-23,0.001560393032835227,0.000888142,0.001560393032835227
2022-08-24,-0.004697196795508722,0.0007532188,-0.004697196795508722
2022-08-25,0.002078094793881999,-0.00047194937,0.0
2022-08-26,-0.014109055185943692,0.00051317614,-0.014109055185943692
2022-08-29,0.025457455427431688,-0.0006447587,0.0
2022-08-30,-0.012265712506503565,0.00042197783,-0.012265712506503565
2022-09-01,-0.00019106884593758132,-0.00124614,-0.0
2022-09-02,0.00717802628935595,-0.0005232593,0.0
2022-09-05,-0.000577619915734608,-0.00031692736,-0.0
2022-09-06,-0.0017686636555011566,-0.0010921749,-0.0
2022-09-07,0.009843902383512463,-0.0008563977,0.0
2022-09-08,0.0019420477956010656,0.00093892094,0.0019420477956010656
2022-09-09,0.005759080279283832,1.389447e-05,0.005759080279283832
2022-09-12,0.007426556664034913,0.0001660353,0.007426556664034913
2022-09-13,-0.003675845320864187,0.0001660353,-0.003675845320864187
2022-09-14,-0.0070427023794097186,-0.0013051718,-0.0
2022-09-15,-0.019575203370476822,-0.0013933909,-0.0
2022-09-16,0.005200144374609497,-0.0019688245,0.0
2022-09-19,0.010948654031257964,0.00059382233,0.010948654031257964
2022-09-20,-0.005510158516157929,0.0020600015,-0.005510158516157929
2022-09-21,-0.005010107310831895,-0.00010568165,-0.0
2022-09-22,-0.01730454089090743,-0.0008537818,-0.0
2022-09-23,-0.018114401349380974,-0.0011390672,-0.0
2022-09-26,-0.0005231876910193474,0.000640808,-0.0005231876910193474
2022-09-27,-0.008787677246935572,0.002239325,-0.008787677246935572
2022-09-28,-0.0024052250050792126,0.0031887197,-0.0024052250050792126
2022-09-29,0.016292312526781774,0.0013841792,0.016292312526781774
2022-09-30,-0.012183178897324074,0.0034431522,-0.012183178897324074
2022-10-03,0.022655095268550494,-0.0034112663,0.0
2022-10-04,0.0033231164632058175,0.0009583459,0.0033231164632058175
2022-10-06,-0.0009900230150986376,0.00046942613,-0.0009900230150986376
2022-10-07,-0.004262718329192525,0.00016485539,-0.004262718329192525
2022-10-10,-0.015044993668578569,-0.0012952064,-0.0
2022-10-11,0.008212331644389038,-0.00010711418,0.0
2022-10-12,-0.0064005234917517235,0.0012584549,-0.0064005234917517235
2022-10-13,0.010020514532698735,-0.0003205535,0.0
2022-10-14,0.007310797834822186,0.0009598842,0.007310797834822186
2022-10-17,0.010066448739082915,-0.000281031,0.0
2022-10-18,0.0014457922593648584,0.0025645983,0.0014457922593648584
2022-10-19,0.0029478254394111857,-0.00012926522,0.0
2022-10-20,0.0007029866326317706,0.0013061482,0.0007029866326317706
2022-10-21,0.008748972260095097,0.00056790205,0.008748972260095097
2022-10-24,-0.004204950452158822,0.0007091016,-0.004204950452158822
2022-10-25,0.0045545202832827395,-0.00028888675,0.0
2022-10-27,0.0028066628790527496,0.00082519697,0.0028066628790527496
2022-10-28,0.012592609626880552,0.00082519697,0.012592609626880552
2022-10-31,0.007367843877008389,0.0015596872,0.007367843877008389
2022-11-01,-0.0034531529072475455,0.0007494072,-0.0034531529072475455
2022-11-02,-0.001668738878993079,-0.0007309498,-0.0
2022-11-03,0.0035638102334325083,0.00031425004,0.0035638102334325083
2022-11-04,0.0047164462855731094,0.0007746462,0.0047164462855731094
2022-11-07,-0.0025193100341803654,0.0011899238,-0.0025193100341803654
2022-11-09,-0.007119006002546902,-1.17533855e-05,-0.0
2022-11-10,0.01767602773148285,-0.00028888675,0.0
2022-11-11,-0.0011204729970374992,0.0024557563,-0.0011204729970374992
2022-11-14,0.00404274135870096,-0.00028888675,0.0
2022-11-15,0.000339553496785159,0.0009601202,0.000339553496785159
2022-11-16,-0.0035778894143715548,0.00082519697,-0.0035778894143715548
2022-11-17,-0.001978088841936149,-0.00028888675,-0.0
2022-11-18,-0.008100449774708418,-0.00028888675,-0.0
2022-11-21,0.004628601630860599,-0.00033702614,0.0
2022-11-22,0.0012626606067816233,0.0008749559,0.0012626606067816233
2022-11-23,0.011801042862214367,0.0007400327,0.011801042862214367
2022-11-24,0.0015488019469054911,0.0022676794,0.0015488019469054911
2022-11-25,0.0026972005940332764,0.00082519697,0.0026972005940332764
2022-11-28,0.0029746977400658824,0.00082519697,0.0029746977400658824
2022-11-29,0.007507383568474861,0.00082519697,0.007507383568474861
2022-11-30,0.0028825767148602448,0.001061725,0.0028825767148602448
2022-12-01,-0.006206617442539312,0.0007766642,-0.006206617442539312
2022-12-02,0.0002647887259970962,1.2330936e-05,0.0002647887259970962
2022-12-05,-0.0031223832280691255,0.00083640165,-0.0031223832280691255
2022-12-06,-0.004421663914122268,-0.00043033154,-0.0
2022-12-07,0.0026284549446723396,-0.00019481611,0.0
2022-12-08,-0.006077211303593385,0.0006787657,-0.006077211303593385
2022-12-09,2.977698935843848e-05,-8.556748e-05,0.0
2022-12-12,0.005974908495510217,0.0006774232,0.005974908495510217
2022-12-13,0.002806718551028224,0.00086048595,0.002806718551028224
2022-12-14,-0.01323817358829901,0.0008749559,-0.01323817358829901
2022-12-15,-0.007954506384605002,-0.00035233414,-0.0
2022-12-16,0.008255783729645224,-0.00035812717,0.0
2022-12-19,-0.0019099433205291773,0.0015056409,-0.0019099433205291773
2022-12-20,-0.01017935391694218,-0.00035812717,-0.0
2022-12-21,-0.0039502948868902,-0.002027268,-0.0
2022-12-22,-0.01784137526808462,-0.002972771,-0.0
2022-12-23,0.01160206785899442,0.002392131,0.01160206785899442
2022-12-26,0.006512402811413872,0.0011726095,0.006512402811413872
2022-12-27,-0.0005406611691443354,0.0001563923,-0.0005406611691443354
2022-12-28,0.0037727060871833766,-0.00040086787,0.0
2022-12-29,-0.004722210041123311,4.530777e-05,-0.004722210041123311
2022-12-30,0.005076675205536103,-0.0010213448,0.0
2023-01-02,0.001927069632871597,4.530777e-05,0.001927069632871597
2023-01-03,-0.010453517612292944,-0.0001268671,-0.0
2023-01-04,-0.0028194100932680756,-0.0011833126,-0.0
2023-01-05,-0.0074028372147649955,-0.0010745913,-0.0
2023-01-06,0.01344545509952314,-0.0011479559,0.0
2023-01-09,-0.010387266093937284,0.00083884224,-0.010387266093937284
2023-01-10,-0.0010305082936186098,-0.0011479559,-0.0
2023-01-11,-0.0020976741216788596,-0.00096197287,-0.0
2023-01-12,0.0054949708747303715,-0.0010180981,0.0
2023-01-13,-0.0034447734977776498,0.0006192846,-0.0034447734977776498
2023-01-16,0.008815596703469526,-0.0010745913,0.0
2023-01-17,0.00618737497867869,0.0011694237,0.00618737497867869
2023-01-18,-0.0031703874707042848,0.00017624938,-0.0031703874707042848
2023-01-19,-0.004438812272184146,-0.00075296324,-0.0
2023-01-20,0.005029606393094338,-0.0005289415,0.0
2023-01-23,-1.379810823647804e-05,0.0007031715,-1.379810823647804e-05
2023-01-24,-0.012571672991636754,0.00011471306,-0.012571672991636754
2023-01-25,-0.016204838949638832,-0.0012998981,-0.0
2023-01-27,0.002530238851503625,0.0006446732,0.002530238851503625
2023-01-30,0.0007477066778470427,0.0005148617,0.0007477066778470427
2023-01-31,-0.0025992997802722563,0.0005148617,-0.0025992997802722563
2023-02-01,-0.00033499535771969267,0.0013522108,-0.00033499535771969267
2023-02-02,0.013740758205234283,-0.00068789086,0.0
2023-02-03,-0.005022725956678951,0.001074031,-0.005022725956678951
2023-02-06,-0.0024290993398515346,-0.000691427,-0.0
2023-02-07,0.00843982073038998,-0.0010745913,0.0
2023-02-08,0.0012162679944837883,0.001066117,0.0012162679944837883
2023-02-09,-0.00206709283308457,0.00055376097,-0.00206709283308457
2023-02-10,-0.0048052775756446476,-0.0005289415,-0.0
2023-02-13,0.008904589905162998,-0.0004226367,0.0
2023-02-14,0.004785004379327248,0.0015021542,0.004785004379327248
2023-02-15,0.00110951785824931,0.00071141246,0.00110951785824931
2023-02-16,-0.005094522761127012,0.00082519697,-0.005094522761127012
2023-02-17,-0.005565979846782634,-0.0004178451,-0.0
2023-02-20,-0.0010036299610954843,-0.00050300936,-0.0
2023-02-21,-0.015398310946496917,-0.0009812872,-0.0
2023-02-22,-0.0024554471223785586,-9.0426634e-05,-0.0
2023-02-23,-0.002598803690668268,-0.0009796633,-0.0
2023-02-24,-0.004194194796816341,-0.00048708555,-0.0
2023-02-27,-0.005115779048087727,-0.00033419838,-0.0
2023-02-28,0.008456491641293511,-0.0028769842,0.0
2023-03-01,-0.007419626196212839,0.002642726,-0.007419626196212839
2023-03-02,0.015606186138582535,-0.00029772762,0.0
2023-03-03,0.006633473404126094,0.0015306384,0.006633473404126094
2023-03-06,0.0024221155475668,0.0003387347,0.0024221155475668
2023-03-08,-0.009325598438082557,0.0009940669,-0.009325598438082557
2023-03-09,-0.010096462811863625,-0.00012095476,-0.0
2023-03-10,-0.014962416687813755,-0.0010555268,-0.0
2023-03-13,-0.006491706128142258,0.0008495547,-0.006491706128142258
2023-03-14,-0.004183422059139645,-0.0004626761,-0.0
2023-03-15,0.0007921148752918237,0.0010846101,0.0007921148752918237
2023-03-16,0.0067155298897271865,0.0010079896,0.0067155298897271865
2023-03-17,-0.006550651968001941,0.0012637939,-0.006550651968001941
2023-03-20,0.006986182644570191,0.00011963624,0.006986182644570191
2023-03-21,0.002592013577443892,0.000106750034,0.002592013577443892
2023-03-22,-0.0043822814890137705,0.00027908446,-0.0043822814890137705
2023-03-23,-0.007750894050448838,-4.3147753e-05,-0.0
2023-03-24,0.002395965721106003,-0.0031293023,0.0
2023-03-27,-0.0020036899079230227,-0.0017183439,-0.0
2023-03-28,0.0075810476927372725,-0.0015390649,0.0
2023-03-29,0.016205182818433635,0.00090291485,0.016205182818433635
2023-03-31,0.002203867672376198,0.0027638874,0.002203867672376198
2023-04-03,0.00909744726853034,0.0015275478,0.00909744726853034
2023-04-05,0.002395004471214228,0.0028232231,0.002395004471214228
2023-04-06,0.0014138632460749291,0.0013442745,0.0014138632460749291
2023-04-10,0.005559286811614234,0.0013442745,0.005559286811614234
2023-04-11,0.005071088231309614,0.00082519697,0.005071088231309614
2023-04-12,0.0008753891763391581,0.00010600084,0.0008753891763391581
2023-04-13,-0.00681870678285114,0.00069623854,-0.00681870678285114
2023-04-17,-0.0026408372714739102,-0.0004178451,-0.0
2023-04-18,-0.0023470351496987078,-0.00028888675,-0.0
2023-04-19,0.00032342232975522987,-0.00028888675,0.0
2023-04-20,-2.260734499433094e-05,0.0007272985,-2.260734499433094e-05
2023-04-21,0.006749146939408538,0.0007272985,0.006749146939408538
2023-04-24,0.0014557975062981768,0.00086048595,0.0014557975062981768
2023-04-25,0.002492753268886545,0.0007766642,0.002492753268886545
2023-04-26,0.005678996739265909,0.00086048595,0.005678996739265909
2023-04-27,0.008335179280697748,0.00086048595,0.008335179280697748
2023-04-28,0.004564732669242972,0.0015773523,0.004564732669242972
2023-05-02,-0.003190111363585117,0.00059917476,-0.003190111363585117
2023-05-03,0.009131894646700034,-0.00038910419,0.0
2023-05-04,-0.010285117822267788,0.0014494486,-0.010285117822267788
2023-05-05,0.010756068652657526,-0.00050300936,0.0
2023-05-08,8.479678637020549e-05,0.0022676794,8.479678637020549e-05
2023-05-09,0.0026872067245805376,0.0007965767,0.0026872067245805376
2023-05-10,-0.0009887229108728535,0.0007965767,-0.0009887229108728535
2023-05-11,0.0009724068345624825,-0.00031750696,0.0
2023-05-12,0.004578622613795238,0.0007965767,0.004578622613795238
2023-05-15,-0.0061250587396132535,0.0011895614,-0.0061250587396132535
2023-05-16,-0.005744738948538704,-0.00044536314,-0.0
2023-05-17,-0.0028531199312594804,-0.00044536314,-0.0
2023-05-18,0.004043187469679982,-9.686439e-06,0.0
2023-05-19,0.0060792457091855085,0.0011043972,0.0060792457091855085
2023-05-22,0.0018329197446846867,0.0011043972,0.0018329197446846867
2023-05-23,-0.003417628155656871,0.00019049186,-0.003417628155656871
2023-05-24,0.0019532029433287895,-0.00032050797,0.0
2023-05-25,0.009679423693686186,0.000820661,0.009679423693686186
2023-05-26,0.005353443226476252,0.0019569953,0.005353443226476252
2023-05-29,0.0018907797884415813,0.000820661,0.0018907797884415813
2023-05-30,-0.005351312266430236,0.000820661,-0.005351312266430236
2023-05-31,-0.0025201353688439534,-0.0002558569,-0.0
2023-06-01,0.002503906967370625,-0.00037858693,0.0
2023-06-02,0.0032186023111129003,0.00073549675,0.0032186023111129003
2023-06-05,0.00027695595857881204,0.0007766642,0.00027695595857881204
2023-06-06,0.006826497990157328,0.0007766642,0.006826497990157328
2023-06-07,-0.004916887367083021,0.000820661,-0.004916887367083021
2023-06-08,-0.003825505177262602,-0.00029342264,-0.0
2023-06-09,0.0020503013499982166,-0.00037858693,0.0
2023-06-12,0.00614458574708609,0.00073549675,0.00614458574708609
2023-06-13,0.002121582036807868,0.000820661,0.002121582036807868
2023-06-14,-0.0036214536561356998,0.000820661,-0.0036214536561356998
2023-06-15,0.007351956368470602,-0.00037858693,0.0
2023-06-16,-0.003754557931873424,0.0008582268,-0.003754557931873424
2023-06-19,0.0032603966930515953,-0.00037858693,0.0
2023-06-20,0.0021314905059401927,0.000820661,0.0021314905059401927
2023-06-21,-0.004549778379793411,0.0012339939,-0.004549778379793411
2023-06-22,-0.005649543898520234,-0.0003848152,-0.0
2023-06-23,0.0013758829522746805,-0.00032673625,0.0
2023-06-26,0.006729211402828641,0.00072926836,0.006729211402828641
2023-06-27,0.008187463868637099,0.0012225914,0.008187463868637099
2023-06-28,0.011370386219451868,0.0012992707,0.011370386219451868
2023-06-30,0.006933003527425256,0.0015556599,0.006933003527425256
2023-07-03,0.0034330468644171055,0.00040993406,0.0034330468644171055
2023-07-04,0.0004898485434720244,0.00040993406,0.0004898485434720244
2023-07-05,0.005080291021865595,0.0014234065,0.005080291021865595
2023-07-06,-0.008524585713268293,0.00050816423,-0.008524585713268293
2023-07-07,0.0012458539412885826,-0.0007544983,0.0
2023-07-10,0.004304651710725516,0.00011317811,0.004304651710725516
2023-07-11,-0.00283845407345589,3.30772e-05,-0.00283845407345589
2023-07-12,0.0015180775225879406,-0.0007544983,0.0
2023-07-13,0.007735121594226721,0.0010775176,0.007735121594226721
2023-07-14,0.007482946045497489,0.0007216066,0.007482946045497489
