Date,Actual,Pred
2019-06-19,0.011928773907426743,3.4790937e-05
2019-06-20,-0.009140077037704798,3.4790937e-05
2019-06-21,-0.0020875587921609646,-5.4403845e-05
2019-06-24,0.00823969509310694,-5.4403845e-05
2019-06-25,0.0043224233576614314,3.4790937e-05
2019-06-26,-0.0005065621089227406,3.4790937e-05
2019-06-27,-0.004460380187531091,-5.4403845e-05
2019-06-28,0.006489288220080564,-5.4403845e-05
2019-07-01,0.003760130979735517,3.4790937e-05
2019-07-02,0.0005414178862205623,3.4790937e-05
2019-07-03,0.0025143014062712723,3.4790937e-05
2019-07-04,-0.011415241213692496,3.4790937e-05
2019-07-05,-0.021614318798492883,-5.4403845e-05
2019-07-08,-0.0002335519922360358,-6.5828413e-06
2019-07-09,-0.0049447502653284115,3.4790937e-05
2019-07-10,0.007278493704286908,0.00025673697
2019-07-11,-0.002628042532973005,3.4790937e-05
2019-07-12,0.003098385639232596,-6.5828413e-06
2019-07-15,0.006386857732255645,3.4790937e-05
2019-07-16,0.00213278748103271,3.4790937e-05
2019-07-17,-0.007782039913567366,3.4790937e-05
2019-07-18,-0.015437326885714045,-5.4403845e-05
2019-07-19,-0.00641762449493666,-5.4403845e-05
2019-07-22,-0.001336175495625011,-0.0001834692
2019-07-23,-0.005287073265915101,0.00025673697
2019-07-24,-0.001700398341321937,0.00025673697
2019-07-25,0.0028531055771835413,0.00025673697
2019-07-26,-0.008463316975262767,3.4790937e-05
2019-07-29,-0.009320082365343962,-0.0001834692
2019-07-30,0.002936454076975709,-0.0001834692
2019-07-31,-0.012489980449893174,3.4790937e-05
2019-08-01,0.001578863082899198,-0.00031148153
2019-08-02,-0.012328638591802651,3.4790937e-05
2019-08-05,0.007853965566277007,0.00025673697
2019-08-06,-0.00850776214660283,3.4790937e-05
2019-08-07,0.016169083798241606,0.00025673697
2019-08-08,0.006973187375465333,3.4790937e-05
2019-08-09,-0.016682629759426824,3.4790937e-05
2019-08-13,0.009432964697282421,-5.4403845e-05
2019-08-14,0.00166682533651526,3.4790937e-05
2019-08-16,0.0005520467691192048,3.4790937e-05
2019-08-19,-0.0033438078514244876,3.4790937e-05
2019-08-20,-0.008962600859057328,-5.4403845e-05
2019-08-21,-0.016376190359974212,-5.4403845e-05
2019-08-22,0.008159261534645986,-6.5828413e-06
2019-08-23,0.020880542984676998,3.4790937e-05
2019-08-26,0.004286391351556263,0.0006424452
2019-08-27,-0.005349549884040612,3.4790937e-05
2019-08-28,-0.008893213897011299,-5.4403845e-05
2019-08-29,0.00682250334649108,-5.4403845e-05
2019-08-30,-0.020654971620241963,3.4790937e-05
2019-09-03,0.004320199886309888,-6.5828413e-06
2019-09-04,0.00029964203445609783,3.4790937e-05
2019-09-05,0.00902083303672415,3.4790937e-05
2019-09-06,0.005180107429441778,3.4790937e-05
2019-09-09,0.0029630005796600876,3.4790937e-05
2019-09-11,-0.004805095025496559,3.4790937e-05
2019-09-12,0.008441217109748283,-5.4403845e-05
2019-09-13,-0.006558207998363749,3.4790937e-05
2019-09-16,-0.017039002763312223,-5.4403845e-05
2019-09-17,0.002128592102631135,-5.4403845e-05
2019-09-18,-0.012610772583449698,3.4790937e-05
2019-09-19,0.051824725995144275,-0.0016198762
2019-09-20,0.028505409421526316,9.5306284e-05
2019-09-23,-0.0010350003337080292,9.5306284e-05
2019-09-24,-0.01285387045749521,-0.0016198762
2019-09-25,0.011385783826013008,-0.0016198762
2019-09-26,-0.005094519950938459,-0.0016198762
2019-09-27,-0.003301907727659163,-0.0016198762
2019-09-30,-0.01003319671254013,-0.0016198762
2019-10-01,-0.004048747902700529,-0.0016198762
2019-10-03,-0.012384128036227408,-0.0016198762
2019-10-04,-0.004336070945390455,-0.0016198762
2019-10-07,0.016658309554353663,-0.0016198762
2019-10-09,-0.006985173448092334,-0.00013806815
2019-10-10,0.006255677219734019,0.0006931634
2019-10-11,0.0031882272704231176,3.4790937e-05
2019-10-14,0.007654979710518189,3.4790937e-05
2019-10-15,0.0031189722795879394,3.4790937e-05
2019-10-16,0.010615956850818441,3.4790937e-05
2019-10-17,0.006495149556810502,3.4790937e-05
2019-10-18,-0.006322547531982618,3.4790937e-05
2019-10-22,0.0013582008758651655,-5.4403845e-05
2019-10-23,-0.001854512016487498,3.4790937e-05
2019-10-24,0.00011229846989121649,-5.4403845e-05
2019-10-25,0.017368233407476515,3.4790937e-05
2019-10-29,0.004845350178432992,3.4790937e-05
2019-10-30,0.0028118405572833054,3.4790937e-05
2019-10-31,0.0011064782775295006,3.4790937e-05
2019-11-01,0.004254824252091804,3.4790937e-05
2019-11-04,-0.002020212299297299,3.4790937e-05
2019-11-05,0.004090706038353768,-5.4403845e-05
2019-11-06,0.003836839214212366,3.4790937e-05
2019-11-07,-0.008687223905779385,3.4790937e-05
2019-11-08,0.0004449579074941643,-5.4403845e-05
2019-11-11,-0.006146378372844679,3.4790937e-05
2019-11-13,0.0026694246816312177,-5.4403845e-05
2019-11-14,0.001964913812506188,3.4790937e-05
2019-11-15,-0.0009209603886071214,3.4790937e-05
2019-11-18,0.004667420332106962,-5.4403845e-05
2019-11-19,0.004929163997457979,3.4790937e-05
2019-11-20,-0.0025617386493080496,3.4790937e-05
2019-11-21,-0.004522090396049399,-5.4403845e-05
2019-11-22,0.013285889135891809,-5.4403845e-05
2019-11-25,-0.0029902665544935493,3.4790937e-05
2019-11-26,0.005219910352766259,-5.4403845e-05
2019-11-27,0.004160529350791835,3.4790937e-05
2019-11-28,-0.00785725523266999,3.4790937e-05
2019-11-29,-0.000651305031476376,-5.4403845e-05
2019-12-02,-0.004492071500914214,-5.4403845e-05
2019-12-03,0.0040769856204158446,-5.4403845e-05
2019-12-04,-0.002061360247465576,3.4790937e-05
2019-12-05,-0.00809534862199821,-5.4403845e-05
2019-12-06,0.0013412131605239934,-5.4403845e-05
2019-12-09,-0.006783179618895446,3.4790937e-05
2019-12-10,0.004489484356039674,-5.4403845e-05
2019-12-11,0.005162857346029799,3.4790937e-05
2019-12-12,0.009551822783961173,3.4790937e-05
2019-12-13,-0.002713267419203363,3.4790937e-05
2019-12-16,0.009170552980705609,-5.4403845e-05
2019-12-17,0.004646024904610523,3.4790937e-05
2019-12-18,0.003108475179285728,3.4790937e-05
2019-12-19,0.0009864549951019103,3.4790937e-05
2019-12-20,-0.0007377192709850936,3.4790937e-05
2019-12-23,-0.003938363953434116,-5.4403845e-05
2019-12-24,-0.007230600491364134,-5.4403845e-05
2019-12-26,0.009785757510884093,-5.4403845e-05
2019-12-27,0.0008203370378256411,3.4790937e-05
2019-12-30,-0.007156789574995062,3.4790937e-05
2019-12-31,0.0011539431631088094,-5.4403845e-05
2020-01-01,0.008150579934013252,3.4790937e-05
2020-01-02,-0.004533048142335533,3.4790937e-05
2020-01-03,-0.01929072847314149,-5.4403845e-05
2020-01-06,0.004982160403270252,-5.4403845e-05
2020-01-07,-0.0022925703434345888,3.4790937e-05
2020-01-08,0.015721524760104574,-5.4403845e-05
2020-01-09,0.003342455210374022,3.4790937e-05
2020-01-10,0.005917935234497193,3.4790937e-05
2020-01-13,0.0026526987425187607,3.4790937e-05
2020-01-14,-0.0015381131440847836,3.4790937e-05
2020-01-15,0.0009879181499700635,-5.4403845e-05
2020-01-16,-0.00025501131760789477,3.4790937e-05
2020-01-17,-0.01040008785925209,3.4790937e-05
2020-01-20,-0.004484659455009181,-5.4403845e-05
2020-01-21,-0.005185979163736476,-5.4403845e-05
2020-01-22,0.0060483951593072694,-5.4403845e-05
2020-01-23,0.005559104211847819,3.4790937e-05
2020-01-24,-0.010608600656474901,3.4790937e-05
2020-01-27,-0.005228613250633523,-5.4403845e-05
2020-01-28,0.006094646255253335,-5.4403845e-05
2020-01-29,-0.007754976405079576,3.4790937e-05
2020-01-30,-0.006142239847635705,-5.4403845e-05
2020-01-31,-0.02147942474929971,0.00025673697
2020-02-03,0.02294554852001912,0.00025673697
2020-02-04,0.009098978920125088,-0.00013806815
2020-02-05,0.00402853577236436,-0.00013806815
2020-02-06,-0.003267876820959125,3.4790937e-05
2020-02-07,-0.005540836887552729,0.0006931634
2020-02-10,0.0063299538920958175,0.0006931634
2020-02-11,0.0076761591804553895,3.4790937e-05
2020-02-12,-0.002178370358219195,3.4790937e-05
2020-02-13,-0.005039531569823334,-5.4403845e-05
2020-02-14,-0.005600386389670753,-5.4403845e-05
2020-02-17,-0.004434580853707973,-5.4403845e-05
2020-02-18,0.011062238693018929,-5.4403845e-05
2020-02-19,-0.003722171151700223,3.4790937e-05
2020-02-20,-0.02103353072205037,-5.4403845e-05
2020-02-24,-0.002666408571566386,-6.5828413e-06
2020-02-25,-0.010172038146389433,-5.4403845e-05
2020-02-26,-0.0038778860778288546,0.00025673697
2020-02-27,-0.0378016423222764,0.00025673697
2020-02-28,-0.0061788013630017435,0.00025673697
2020-03-02,0.015203486470954998,0.00025673697
2020-03-03,-0.0046376876143074345,3.4790937e-05
2020-03-04,0.0015985793812774052,0.00025673697
2020-03-05,-0.02511985353017798,-0.00048578726
2020-03-06,-0.05019499598647564,0.00070014613
2020-03-09,0.0006647771623133455,0.00070014613
2020-03-11,-0.08666894981793948,-0.0003108979
2020-03-12,0.03735847654239177,0.00070014613
2020-03-13,-0.07917416945110371,-0.0003108979
2020-03-16,-0.02536415171509603,0.00070014613
2020-03-17,-0.05716792711513327,0.00070014613
2020-03-18,-0.02454659954775134,0.00070014613
2020-03-19,0.05669138794443699,0.00070014613
2020-03-20,-0.13903756461051203,-0.0003108979
2020-03-23,0.024762292138464665,0.00070014613
2020-03-24,0.06414544603118057,-0.0003108979
2020-03-25,0.03816665439616388,-0.0003108979
2020-03-26,0.002173175106963937,-0.0003108979
2020-03-27,-0.04476782787370225,-0.0003108979
2020-03-30,0.03752477847769833,0.00070014613
2020-03-31,-0.040826864424490454,-0.0003108979
2020-04-01,-0.02081164185069997,0.00070014613
2020-04-03,0.08400295216282225,0.00070014613
2020-04-07,-0.004954153987953298,9.5306284e-05
2020-04-08,0.0406704613937413,0.00017123151
2020-04-09,-0.013040327423561648,9.5306284e-05
2020-04-13,-0.007651048328648555,0.00017123151
2020-04-15,0.007534316783542481,0.0006931634
2020-04-16,0.03000848934711599,0.0009914011
2020-04-17,-0.0005289542483047096,0.00042537577
2020-04-20,-0.030742409586860843,-5.4403845e-05
2020-04-21,0.022660713376927297,-5.4403845e-05
2020-04-22,0.013685875581327233,0.0006424452
2020-04-23,-0.017273269224786485,3.4790937e-05
2020-04-24,0.01387465918374464,-5.4403845e-05
2020-04-27,0.010566409007242056,3.4790937e-05
2020-04-28,0.01821608855026957,3.4790937e-05
2020-04-29,0.03158422875946422,3.4790937e-05
2020-04-30,-0.059160835126554547,0.00042537577
2020-05-04,-0.009503278972569803,-5.4403845e-05
2020-05-05,0.0070685522845568985,-5.4403845e-05
2020-05-06,-0.0077803077564110755,3.4790937e-05
2020-05-07,0.005685503917787226,-6.5828413e-06
2020-05-08,-0.001330377581346701,3.4790937e-05
2020-05-11,-0.004626930470959459,-5.4403845e-05
2020-05-12,0.02012974293547344,-5.4403845e-05
2020-05-13,-0.025996919937107583,0.00042537577
2020-05-14,-0.0006455711236580218,-5.4403845e-05
2020-05-15,-0.03492536149006188,-5.4403845e-05
2020-05-18,0.006309873650596998,-6.5828413e-06
2020-05-19,0.020891638839326522,3.4790937e-05
2020-05-20,0.004369195599480915,0.00042537577
2020-05-21,-0.00738478460081561,3.4790937e-05
2020-05-22,-0.00112907097030296,-5.4403845e-05
2020-05-26,0.0311735219299972,-5.4403845e-05
2020-05-27,0.018628451492543274,0.0006424452
2020-05-28,0.009459777532853096,3.4790937e-05
2020-05-29,0.025338352659720637,3.4790937e-05
2020-06-01,0.015445627746472025,0.00042537577
2020-06-02,0.008228342186278518,3.4790937e-05
2020-06-03,-0.003230380747065696,3.4790937e-05
2020-06-04,0.01120921756965851,-5.4403845e-05
2020-06-05,0.0024914146063167966,3.4790937e-05
2020-06-08,-0.011952175882067815,3.4790937e-05
2020-06-09,0.006893910822071789,-5.4403845e-05
2020-06-10,-0.021396438367806456,3.4790937e-05
2020-06-11,0.007134696525776951,-5.4403845e-05
2020-06-12,-0.016092064938005003,0.0006424452
2020-06-15,0.010168511071378764,-6.5828413e-06
2020-06-16,-0.0033189583187083734,0.0006424452
2020-06-17,0.021079446670088396,-6.5828413e-06
2020-06-18,0.015022865002949488,0.0006424452
2020-06-19,0.006499449097502718,3.4790937e-05
2020-06-22,0.015378829255110686,3.4790937e-05
2020-06-23,-0.015951224257763807,3.4790937e-05
2020-06-24,-0.0015926248529521327,-5.4403845e-05
2020-06-25,0.00910417112670767,-5.4403845e-05
2020-06-26,-0.006822760798075913,3.4790937e-05
2020-06-29,-0.0009993724909477652,-5.4403845e-05
2020-06-30,0.012343324106810436,-5.4403845e-05
2020-07-01,0.011595958752537541,7.576485e-05
2020-07-02,0.005260117338821228,7.576485e-05
2020-07-03,0.014627632603289031,7.576485e-05
2020-07-06,0.003339009534036716,7.576485e-05
2020-07-07,-0.008732782060989626,7.576485e-05
2020-07-08,0.01000976742529668,-7.238818e-05
2020-07-09,-0.00420734959083762,7.576485e-05
2020-07-10,0.003212722824094239,-7.238818e-05
2020-07-13,-0.018249000734889463,7.576485e-05
2020-07-14,0.001022408086719745,-7.238818e-05
2020-07-15,0.011400923444823241,0.0007503934
2020-07-16,0.014948306530616993,7.576485e-05
2020-07-17,0.010992680250840313,7.576485e-05
2020-07-20,0.012626110991777935,7.576485e-05
2020-07-21,-0.002659843741967638,7.576485e-05
2020-07-22,0.007414603621325298,-7.238818e-05
2020-07-23,-0.0019009541040186228,7.576485e-05
2020-07-24,-0.0055854955772852745,-7.238818e-05
2020-07-27,0.015045520083450243,-7.238818e-05
2020-07-28,-0.008683204468886633,7.576485e-05
2020-07-29,-0.009029356907451743,-7.238818e-05
2020-07-30,-0.002588449519166038,-7.238818e-05
2020-07-31,-0.016558554850121334,-7.238818e-05
2020-08-03,0.01852527473195631,-0.00028259214
2020-08-04,0.0005766923029565639,7.576485e-05
2020-08-05,0.00883342483924069,7.576485e-05
2020-08-06,0.0012402330418245548,7.576485e-05
2020-08-07,0.004990233307851035,7.576485e-05
2020-08-10,0.004634224153283686,7.576485e-05
2020-08-11,-0.0012460495124746427,7.576485e-05
2020-08-12,-0.0007032817179241128,-7.238818e-05
2020-08-13,-0.010859185489107238,-7.238818e-05
2020-08-14,0.006126903182347498,-0.00029274644
2020-08-17,0.012217124027310865,7.576485e-05
2020-08-18,0.002022553472584474,7.576485e-05
2020-08-19,-0.0084681538079335,7.576485e-05
2020-08-20,0.005237178104313519,-7.238818e-05
2020-08-21,0.008306412509926262,7.576485e-05
2020-08-24,0.000505678592222556,7.576485e-05
2020-08-25,0.006719694702452173,7.576485e-05
2020-08-26,0.0008352117348219679,7.576485e-05
2020-08-27,0.007614134421611744,7.576485e-05
2020-08-28,-0.0225838540823065,7.576485e-05
2020-08-31,0.007240464307211334,0.0006368087
2020-09-01,0.005629164732428894,7.576485e-05
2020-09-02,-0.0006547270470620276,7.576485e-05
2020-09-03,-0.01693737589976223,-7.238818e-05
2020-09-04,0.001868773014980915,-7.238818e-05
2020-09-07,-0.003325649779789579,7.576485e-05
2020-09-08,-0.003482986529093653,-7.238818e-05
2020-09-09,0.01507030028649042,-7.238818e-05
2020-09-10,0.0013267344350831917,7.576485e-05
2020-09-11,-0.002130620607789219,7.576485e-05
2020-09-14,0.007120536611649034,-7.238818e-05
2020-09-15,0.007156369643982706,7.576485e-05
2020-09-16,-0.007651223391398827,7.576485e-05
2020-09-17,-0.0009686278452831663,-7.238818e-05
2020-09-18,-0.022360395533691877,-7.238818e-05
2020-09-21,-0.008650165364363744,-0.00029274644
2020-09-22,-0.0019564998051874198,-7.238818e-05
2020-09-23,-0.02975046086629724,-0.0005029504
2020-09-24,0.02239317919403798,3.2546388e-05
2020-09-25,0.015917509782938703,0.00013335742
2020-09-28,-0.00045874615382283734,7.576485e-05
2020-09-29,0.0022384940193966077,-0.00028259214
2020-09-30,0.014948800566928164,7.576485e-05
2020-10-01,0.007539152980994381,7.576485e-05
2020-10-05,0.013731761801546099,7.576485e-05
2020-10-06,0.006533795478530655,7.576485e-05
2020-10-07,0.008123590712403974,7.576485e-05
2020-10-08,0.00670357110102055,7.576485e-05
2020-10-09,0.0014048980594053501,7.576485e-05
2020-10-12,0.0002974848313881938,7.576485e-05
2020-10-13,0.0030578533826602027,7.576485e-05
2020-10-14,-0.024583309443990238,7.576485e-05
2020-10-15,0.007004361448563385,-0.00029274644
2020-10-16,0.009358838750109354,7.576485e-05
2020-10-19,0.0019983305148122575,7.576485e-05
2020-10-20,0.003427863919924764,7.576485e-05
2020-10-21,-0.0034572511936285335,7.576485e-05
2020-10-22,0.002845488039808009,-7.238818e-05
2020-10-23,-0.01372280171939824,7.576485e-05
2020-10-26,0.010284540688903391,-7.238818e-05
2020-10-27,-0.013531751526031222,7.576485e-05
2020-10-28,-0.0050255491286022155,-0.00029274644
2020-10-29,-0.0024363388871728973,-7.238818e-05
2020-10-30,0.00229500061940095,-7.238818e-05
2020-11-02,0.01229430453308261,7.576485e-05
2020-11-03,0.008009485529747545,7.576485e-05
2020-11-04,0.017629285844443805,7.576485e-05
2020-11-05,0.011749715515175936,7.576485e-05
2020-11-06,0.015976331587139476,7.576485e-05
2020-11-09,0.013554232066476922,7.576485e-05
2020-11-10,0.009302637490367565,7.576485e-05
2020-11-11,-0.004587327240413277,7.576485e-05
2020-11-12,0.0022943363271255195,-7.238818e-05
2020-11-13,0.012053681426341886,7.576485e-05
2020-11-17,0.004962716492027381,7.576485e-05
2020-11-18,-0.012956239372488106,7.576485e-05
2020-11-19,0.006816027431926412,-7.238818e-05
2020-11-20,0.0052277864790618534,7.576485e-05
2020-11-23,0.009907106958531581,7.576485e-05
2020-11-24,-0.015185397205090293,7.576485e-05
2020-11-25,0.009951532476185488,-0.00029274644
2020-11-26,-0.0013908030691388337,7.576485e-05
2020-11-27,0.01074476242399418,-7.238818e-05
2020-12-01,0.0003584815807498976,7.576485e-05
2020-12-02,0.0015354055912646832,7.576485e-05
2020-12-03,0.009445908959648398,7.576485e-05
2020-12-04,0.007304391112653887,7.576485e-05
2020-12-07,0.002781459960611745,7.576485e-05
2020-12-08,0.010114428562528128,7.576485e-05
2020-12-09,-0.0037619219695161584,7.576485e-05
2020-12-10,0.0026340862816878062,-7.238818e-05
2020-12-11,0.0032728147749187795,7.576485e-05
2020-12-14,0.0007151234360649028,7.576485e-05
2020-12-15,0.008429280641864136,7.576485e-05
2020-12-16,0.004229970438016461,7.576485e-05
2020-12-17,0.0014435425896574643,7.576485e-05
2020-12-18,-0.03190866215630266,7.576485e-05
2020-12-21,0.010293127415086657,0.0006368087
2020-12-22,0.009960389402299756,0.0007503934
2020-12-23,0.01083363406633502,7.576485e-05
2020-12-24,0.008974658395164679,7.576485e-05
2020-12-28,0.004272454296258275,7.576485e-05
2020-12-29,0.003535836164182277,7.576485e-05
2020-12-30,-1.4318227638304822e-05,7.576485e-05
2020-12-31,0.002624978069994666,7.576485e-05
2021-01-01,0.008127554493474463,7.576485e-05
2021-01-04,0.00470131235786493,7.576485e-05
2021-01-05,-0.0037571814216639365,7.576485e-05
2021-01-06,-0.0006293676223474675,-0.00028259214
2021-01-07,0.014738082534464191,-0.00028259214
2021-01-08,0.00953808562855032,7.576485e-05
2021-01-11,0.0054186068221036155,7.576485e-05
2021-01-12,9.608621670051523e-05,7.576485e-05
2021-01-13,0.002109021789565324,7.576485e-05
2021-01-14,-0.01115432296065278,7.576485e-05
2021-01-15,-0.010614788200058034,-7.238818e-05
2021-01-18,0.01665525875641371,-7.238818e-05
2021-01-19,0.008472274336760961,7.576485e-05
2021-01-20,-0.003718184091801354,7.576485e-05
2021-01-21,-0.015085386074712022,-7.238818e-05
2021-01-22,-0.009297255190251277,-7.238818e-05
2021-01-25,-0.019244480891583437,-0.00028259214
2021-01-27,-0.010793693167934581,-0.0005029504
2021-01-28,-0.013328858232496075,-0.00028259214
2021-01-29,0.04633334971971787,0.0011952354
2021-02-01,0.025349539675742865,0.0019021316
2021-02-02,0.009654368913945022,-7.750011e-05
2021-02-03,0.007121340982025425,-7.750011e-05
2021-02-04,0.0019181565175802602,-7.750011e-05
2021-02-05,0.012753134705385865,-0.0008373306
2021-02-08,-0.00043010611605642915,-0.0008373306
2021-02-09,-0.00018532057490518592,-7.750011e-05
2021-02-10,0.004412176664707947,-7.750011e-05
2021-02-11,-0.0006592696934370658,7.576485e-05
2021-02-12,0.009935142462115996,-0.00028259214
2021-02-15,-8.162425642763527e-05,7.576485e-05
2021-02-16,-0.006850731452785171,7.576485e-05
2021-02-17,-0.005931871684390037,-0.00028259214
2021-02-18,-0.009116143118184506,-7.238818e-05
2021-02-19,-0.02063971564030592,-7.238818e-05
2021-02-22,0.002184873969705697,-0.00029274644
2021-02-23,0.01847152850052029,7.576485e-05
2021-02-24,0.007669725331353619,0.0007503934
2021-02-25,-0.03836220275630364,7.576485e-05
2021-02-26,0.01586881087701919,-0.0005029504
2021-03-01,0.010616431079728933,7.576485e-05
2021-03-02,0.02164866615239294,7.576485e-05
2021-03-03,-0.010871815118793142,7.576485e-05
2021-03-04,-0.009504125991607463,-0.00028259214
2021-03-05,0.001210972544447202,-0.00028259214
2021-03-08,0.009462861169810146,7.576485e-05
2021-03-09,0.005047340602462587,7.576485e-05
2021-03-10,-0.009524722735275023,7.576485e-05
2021-03-12,-0.006772300308835674,-0.0005029504
2021-03-15,-0.0012767988653300596,-0.0005029504
2021-03-16,-0.01276691115553913,-0.00028259214
2021-03-17,-0.011165071153974405,-0.00028259214
2021-03-18,0.012705880170274957,-0.0005029504
2021-03-19,-0.0005155703072306843,0.0007503934
2021-03-22,0.005302656033791128,-7.238818e-05
2021-03-23,-0.018073523592070435,7.576485e-05
2021-03-24,-0.015550473459416195,-7.238818e-05
2021-03-25,0.012652648509180619,-0.00029274644
2021-03-26,0.023017860602701366,7.576485e-05
2021-03-30,-0.010455164345430578,7.576485e-05
2021-03-31,0.011952853344086897,-0.00028259214
2021-04-01,-0.015560296479187625,7.576485e-05
2021-04-05,0.0031172037135109875,-0.0005029504
2021-04-06,0.0091890876818974,7.576485e-05
2021-04-07,0.003687760707936765,7.576485e-05
2021-04-08,-0.0026221466406612408,7.576485e-05
2021-04-09,-0.03596463281723922,-0.00028259214
2021-04-12,0.013465132344700306,0.00013381836
2021-04-13,0.005270570669209097,7.576485e-05
2021-04-15,0.0024931716281266104,7.576485e-05
2021-04-16,-0.01783508230882999,7.576485e-05
2021-04-19,-0.0044004910090830246,-0.00028259214
2021-04-20,0.007647441212800463,-0.0005029504
2021-04-22,-0.004508280094204329,7.576485e-05
2021-04-23,0.009966685459202936,-0.00028259214
2021-04-26,0.011534860370141113,7.576485e-05
2021-04-27,0.014330678808834763,7.576485e-05
2021-04-28,0.002039728305535653,7.576485e-05
2021-04-29,-0.017869525228607498,7.576485e-05
2021-04-30,0.0002084917272909865,-0.00028259214
2021-05-03,-0.009450624224999165,7.576485e-05
2021-05-04,0.008336116981918119,-7.238818e-05
2021-05-05,0.007289775876840782,7.576485e-05
2021-05-06,0.006657040403640492,7.576485e-05
2021-05-07,0.008009262800994111,7.576485e-05
2021-05-10,-0.006149068019026527,7.576485e-05
2021-05-11,-0.0104409988264523,-7.238818e-05
2021-05-12,-0.001273235308628596,-7.238818e-05
2021-05-14,0.016577589783995917,-7.238818e-05
2021-05-17,0.012317273309973075,7.576485e-05
2021-05-18,-0.005172788238334181,7.576485e-05
2021-05-19,-0.008291052039504188,-7.238818e-05
2021-05-20,0.01790193553229923,-7.238818e-05
2021-05-21,0.0014750202275935762,7.576485e-05
2021-05-24,0.0007070938155468382,7.576485e-05
2021-05-25,0.0060964006336564555,7.576485e-05
2021-05-26,0.0023759962804964516,7.576485e-05
2021-05-27,0.006356190262519319,7.576485e-05
2021-05-28,0.00948793489109113,7.576485e-05
2021-05-31,-0.000510320620107419,7.576485e-05
2021-06-01,8.67120656808025e-05,-7.238818e-05
2021-06-02,0.007301728008600275,7.576485e-05
2021-06-03,-0.0012818385093088212,7.576485e-05
2021-06-04,0.0051811361952536165,-7.238818e-05
2021-06-07,-0.0007335750962069031,7.576485e-05
2021-06-08,-0.0066772200430738555,-7.238818e-05
2021-06-09,0.006527933518834105,-7.238818e-05
2021-06-10,0.003906490354253145,7.576485e-05
2021-06-11,0.0007908589968395644,7.576485e-05
2021-06-14,0.003623640223476974,7.576485e-05
2021-06-15,-0.006429256198967984,7.576485e-05
2021-06-16,-0.004841201776747716,-7.238818e-05
2021-06-17,-0.0005132013116724437,-7.238818e-05
2021-06-18,0.0040185031994205474,-7.238818e-05
2021-06-21,0.0016656491552922152,7.576485e-05
2021-06-22,-0.005454598542621072,7.576485e-05
2021-06-23,0.006576170313444658,-7.238818e-05
2021-06-24,0.004416920149496724,7.576485e-05
2021-06-25,-0.0028823598351750412,7.576485e-05
2021-06-28,-0.004197939462444536,-7.238818e-05
2021-06-29,-0.0017127578361914226,-7.238818e-05
2021-06-30,-0.0026431873739428875,-7.238818e-05
2021-07-01,0.0026877238189711517,-7.238818e-05
2021-07-02,0.007107867426692256,7.576485e-05
2021-07-05,-0.0010172694162285671,0.00036282965
2021-07-06,0.003874103121228537,-1.9972824e-05
2021-07-07,-0.009602209739377547,0.00020513117
2021-07-08,-0.0024254228908178565,-1.9972824e-05
2021-07-09,0.00017843152513541638,-1.9972824e-05
2021-07-12,0.0076020168050800795,0.00020513117
2021-07-13,0.00262743737830436,0.00036282965
2021-07-14,0.0044212840314639245,0.00020513117
2021-07-15,-5.022699813825734e-05,0.00020513117
2021-07-16,-0.010796990571541962,0.00020513117
2021-07-19,-0.007666291987629491,-1.9972824e-05
2021-07-20,0.012204454864528006,-1.9972824e-05
2021-07-22,0.0020201963552988087,0.00036282965
2021-07-23,-0.001994894010794567,0.00020513117
2021-07-26,-0.004941269190283573,-0.00012896875
2021-07-27,-0.0023556712745251398,-0.00012896875
2021-07-28,0.0043858132000563635,-1.9972824e-05
2021-07-29,-0.000976516135808173,0.00020513117
2021-07-30,0.007716153904229494,-0.00012896875
2021-08-02,0.015342653128218075,4.8552727e-05
2021-08-03,0.007906900379200192,4.8552727e-05
2021-08-04,0.002199451962862978,0.0005719375
2021-08-05,-0.0034672374282357825,0.00041423904
2021-08-06,0.0012339690711517842,0.00025607384
2021-08-09,0.0013430068163520583,9.6135256e-05
2021-08-10,0.00013207834532344713,0.00020513117
2021-08-11,0.005032710127087298,0.00020513117
2021-08-12,0.010014172717061967,0.0002538337
2021-08-13,0.0020519176533692787,0.00036282965
2021-08-16,0.0031074454639570138,0.00020513117
2021-08-17,-0.002757400455017452,0.00020513117
2021-08-18,-0.007168531033199722,-0.00012896875
2021-08-20,0.002789286998064274,-0.00012896875
2021-08-23,0.007738343720985011,0.00020513117
2021-08-24,0.0006043901504665573,0.00036282965
2021-08-25,0.00013525068417903375,0.00020513117
2021-08-26,0.004096857993577663,0.00020513117
2021-08-27,0.013429259014094868,9.6135256e-05
2021-08-30,0.011810427696351353,0.00038920503
2021-08-31,-0.0032710789243950112,0.0005719375
2021-09-01,0.009204293951085803,7.3341405e-05
2021-09-02,0.005176808010644206,0.0005719375
2021-09-03,0.003123863322045117,0.0005719375
2021-09-06,-0.0009039273439216094,0.00023150654
2021-09-07,-0.0004954320044973781,-0.0002673109
2021-09-08,0.0009071862729865194,-1.9972824e-05
2021-09-09,-0.0008034211637875494,9.6135256e-05
2021-09-13,0.0014221395731308123,-1.9972824e-05
2021-09-14,0.007991527890878581,9.6135256e-05
2021-09-15,0.006261987530756848,0.00036282965
2021-09-16,-0.002518817158814708,0.0002538337
2021-09-17,-0.01076276621795277,-0.0002673109
2021-09-20,0.009445425055689747,-0.00012896875
2021-09-21,-0.0008744061752431491,0.0002538337
2021-09-22,0.01562383807742847,-0.0002673109
2021-09-23,0.0016958112674268218,4.8552727e-05
2021-09-24,0.00010643971788971012,-0.00010914574
2021-09-27,-0.005982542262753364,0.00023150654
2021-09-28,-0.002103719495544819,-0.0002673109
2021-09-29,-0.005273255224157625,-0.0002673109
2021-09-30,-0.004898963801205104,-0.0002673109
2021-10-01,0.009039488024266832,-0.0002673109
2021-10-04,0.007380358946066971,4.8552727e-05
2021-10-05,-0.009941397212065623,4.8552727e-05
2021-10-06,0.00814702470131476,-0.0002673109
2021-10-07,0.005876323303578524,4.8552727e-05
2021-10-08,0.0028319423974920437,4.8552727e-05
2021-10-11,0.002559973015762186,-0.00010914574
2021-10-12,0.00939334195098345,9.6135256e-05
2021-10-13,0.009687709975996201,0.00038920503
2021-10-14,0.007524019573498294,0.0005719375
2021-10-18,-0.0031602962146704853,0.0005719375
2021-10-19,-0.008294933244362599,7.3341405e-05
2021-10-20,-0.004856682911584848,-0.0002673109
2021-10-21,-0.0034827257394313984,-0.0002673109
2021-10-22,0.0005794654054989729,-0.0002673109
2021-10-25,0.00785852166355233,-0.00010914574
2021-10-26,-0.0031497940609639214,0.0002538337
2021-10-27,-0.019613430387588483,-0.0002673109
2021-10-28,-0.010447905544470225,-0.00013479337
2021-10-29,0.014494106171593095,-0.0002673109
2021-11-01,-0.002272628736845954,4.8552727e-05
2021-11-02,-0.003345641269055336,-0.0002673109
2021-11-03,0.0049013449265533065,-0.0002673109
2021-11-04,0.008434037348294714,4.8552727e-05
2021-11-08,-0.0013458266538282125,4.8552727e-05
2021-11-09,-0.0015002606334366785,-0.0002673109
2021-11-10,-0.00800207185820445,-0.0002673109
2021-11-11,0.012739118453093435,-0.0002673109
2021-11-12,0.00036999789965571825,4.8552727e-05
2021-11-15,-0.006106589273008452,-0.00010914574
2021-11-16,-0.005601956226916921,-0.0002673109
2021-11-17,-0.007506297537132803,-0.0002673109
2021-11-18,-0.01979806684873854,-0.0002673109
2021-11-22,0.004971320417088634,-0.00013479337
2021-11-23,-0.005057449101021469,4.8552727e-05
2021-11-24,0.006935347288237329,-0.0002673109
2021-11-25,-0.029502195657113865,4.8552727e-05
2021-11-26,0.0016138312478338214,0.00046945558
2021-11-29,-0.0041572285072535705,0.00023790405
2021-11-30,0.010758559762450211,0.00060197315
2021-12-01,0.013581917861660867,4.8552727e-05
2021-12-02,-0.011847592241934006,4.8552727e-05
2021-12-03,-0.016679248094838027,-0.0002673109
2021-12-06,0.015515557382479443,-0.00041982284
2021-12-07,0.016917044993306308,-0.0005436395
2021-12-08,0.002692438725331353,-0.00090987724
2021-12-09,-0.00031682107730694167,-0.00010914574
2021-12-10,-0.0082026046847206,-0.00010914574
2021-12-13,-0.0024990311601760175,7.3341405e-05
2021-12-14,-0.005991976410169169,-0.0002673109
2021-12-15,0.0015665890089298405,-0.0002673109
2021-12-16,-0.015377077556357827,-0.00010914574
2021-12-17,-0.022084626281366433,-0.0002673109
2021-12-20,0.009384532645495392,0.00038744078
2021-12-21,0.010947032985081793,4.8552727e-05
2021-12-22,0.006885546336514033,4.8552727e-05
2021-12-23,-0.0040409083631890875,4.8552727e-05
2021-12-24,0.004840138519222991,-0.0002673109
2021-12-27,0.008566610759914585,0.00059448613
2021-12-28,-0.00114091088034896,0.00059448613
2021-12-29,-0.0005607831589689821,-0.00012896875
2021-12-30,0.008686990360265219,-0.00012896875
2021-12-31,0.015532066331647875,4.8552727e-05
2022-01-03,0.01013533773365083,0.0005719375
2022-01-04,0.006716975758933995,0.0005719375
2022-01-05,-0.01005580805311726,0.00077721843
2022-01-06,0.0037571168401497185,0.0005034119
2022-01-07,0.010643475643964555,0.0005457835
2022-01-10,0.0029090757855369247,0.00036282965
2022-01-11,0.008635720331115329,0.00020513117
2022-01-12,0.002492514833041471,0.00036282965
2022-01-13,-0.00011232987251458901,0.0005457835
2022-01-14,0.0028634646353713476,0.00020513117
2022-01-17,-0.010710847446216868,0.00020513117
2022-01-18,-0.009689027834056424,-1.9972824e-05
2022-01-19,-0.010163883876396832,-1.9972824e-05
2022-01-20,-0.00790692279190989,-1.9972824e-05
2022-01-21,-0.02692721026213864,-0.0002673109
2022-01-24,0.0074854055398087425,0.0013640693
2022-01-25,-0.009759199363728934,0.00018107022
2022-01-27,-0.0004794310858279706,0.0006077978
2022-01-28,0.01381485185545943,0.00046945558
2022-01-31,0.013575374822651254,4.8552727e-05
2022-02-01,0.01149155699474709,4.8552727e-05
2022-02-02,-0.01243929691182117,0.00038920503
2022-02-03,-0.002503012582150695,7.3341405e-05
2022-02-04,-0.017432174227495423,-0.0002673109
2022-02-07,0.003082940476216172,-0.00013479337
2022-02-08,0.0113475249468573,-0.00010914574
2022-02-09,0.00810099920504003,4.8552727e-05
2022-02-10,-0.013213208134273142,4.8552727e-05
2022-02-11,-0.031094690696753635,-0.0002673109
2022-02-14,0.02981034961442144,0.0013387079
2022-02-15,-0.001744791023833279,0.00032377205
2022-02-16,-0.001016531212017758,-0.0002673109
2022-02-17,-0.0016366742405402451,-0.0002673109
2022-02-18,-0.004039705592356217,-0.0002673109
2022-02-21,-0.00667378632095619,-0.0002673109
2022-02-22,-0.0016951453630000418,-0.0002673109
2022-02-23,-0.04896026903082192,-0.0002673109
2022-02-24,0.024947858168202962,0.0009320336
2022-02-25,0.008101131335537446,-0.00012935532
2022-02-28,-0.011254730666993663,-0.00041112196
2022-03-02,-0.006518778370608893,0.00025492327
2022-03-03,-0.015435549523985674,0.002035272
2022-03-04,-0.023807855961420165,0.0022498043
2022-03-07,0.009430172336242727,0.0013387079
2022-03-08,0.020514423015661167,-0.00052907557
2022-03-09,0.015152013456311012,0.0010697873
2022-03-10,0.0021398626113986923,4.8552727e-05
2022-03-11,0.014378694372337426,-0.00010914574
2022-03-14,-0.012423307208470636,0.0005719375
2022-03-15,0.018571576221107083,0.003184745
2022-03-16,0.01819544269851146,0.0017170063
2022-03-17,-0.009850560325581039,0.0025884777
2022-03-21,0.011494902983443505,7.3341405e-05
2022-03-22,-0.004042093720190609,0.00038920503
2022-03-23,-0.0013287761390126268,0.00025607384
2022-03-24,-0.004058098847076208,0.00032052136
2022-03-25,0.004014550846285441,0.0004295173
2022-03-28,0.00598026976240216,0.0005876824
2022-03-29,0.009932969892759297,0.00036282965
2022-03-30,-0.001916312115762529,0.00036282965
2022-03-31,0.01170914487476482,-1.9972824e-05
2022-04-01,0.0214403456403388,0.0012687657
2022-04-04,-0.005331746328175393,0.0034813322
2022-04-05,-0.008374145812508964,0.00125424
2022-04-06,-0.009484577848941177,0.0007308554
2022-04-07,0.008175250776633796,-1.9972824e-05
2022-04-08,-0.006170496392137639,0.00036282965
2022-04-11,-0.008217481851263662,-1.9972824e-05
2022-04-12,-0.0031223510971550208,-1.9972824e-05
2022-04-13,-0.017432250630348714,-1.9972824e-05
2022-04-18,-0.012598203971631295,0.0004295173
2022-04-19,0.010435603778864927,0.0005620348
2022-04-20,0.014831150992767859,0.0007453809
2022-04-21,-0.012767612798961313,0.0007453809
2022-04-22,-0.012776394201003337,0.0004295173
2022-04-25,0.014455140840464372,0.0004295173
2022-04-26,-0.00948629657994312,0.0007453809
2022-04-27,0.012055547873445796,0.0004295173
2022-04-28,-0.008297570200330234,0.0007453809
2022-04-29,-0.0019578324241160947,0.0004295173
2022-05-02,-0.023203310190181764,0.0004295173
2022-05-04,0.00030280236440618743,0.0012988013
2022-05-05,-0.016402205362178027,0.0021852662
2022-05-06,-0.0066885009232451696,0.00040343695
2022-05-09,-0.003798172823006312,0.00040343695
2022-05-10,-0.004502112641840228,0.00040343695
2022-05-11,-0.022462147872579268,0.00040343695
2022-05-12,-0.0016365617019766783,0.0012147462
2022-05-13,0.003803986233609079,0.0012147462
2022-05-16,0.025981475212963467,0.0023997987
2022-05-17,-0.0011692453072036017,0.0008483499
2022-05-18,-0.026891070897403772,0.00032052136
2022-05-19,0.02848156086057151,0.0017029705
2022-05-20,-0.0031680351601504043,0.0006860028
2022-05-23,-0.005538061057189644,-0.0002673109
2022-05-24,-0.006180277818558741,-0.0002673109
2022-05-25,0.008967062770830264,-0.0002673109
2022-05-26,0.011210771015034579,4.8552727e-05
2022-05-27,0.018716945110386057,4.8552727e-05
2022-05-30,-0.004623104079880039,0.0020875677
2022-05-31,-0.003733367056413342,7.3341405e-05
2022-06-01,0.006349802260260305,0.00025607384
2022-06-02,-0.0026315095876877827,0.00038920503
2022-06-03,-0.0008897910968418909,0.00032052136
2022-06-06,-0.009288955076891798,0.00032052136
2022-06-07,-0.003667678332650513,0.0004295173
2022-06-08,0.007422115570615706,-1.9972824e-05
2022-06-09,-0.01690986774485526,0.00036282965
2022-06-10,-0.026733937520215956,0.00032052136
2022-06-13,-0.0026852114114221596,0.00032052136
2022-06-14,-0.0025425739848417965,0.0009517514
2022-06-15,-0.021354848179315097,0.00084275554
2022-06-16,-0.004377862497838008,0.0013984484
2022-06-17,0.0036973698916184226,0.0007167937
2022-06-20,0.018629721921802747,0.0006932188
2022-06-21,-0.01452423294963793,0.0016906618
2022-06-22,0.009257464658604653,0.00046945558
2022-06-23,0.009124715461734611,-0.00035786838
2022-06-24,0.008423413606869335,0.00038920503
2022-06-27,0.0011457767431705531,0.0005719375
2022-06-28,-0.003229179201912245,-0.00010914574
2022-06-29,-0.0011937935294284723,0.00032052136
2022-06-30,-0.0017886549985601772,-1.9972824e-05
2022-07-01,0.005274254882250374,-1.9972824e-05
2022-07-04,-0.0015483695040555473,0.00036282965
2022-07-05,0.01125461822453212,-1.9972824e-05
2022-07-06,0.00890968266712923,0.00036282965
2022-07-07,0.005421325887187373,0.00036282965
2022-07-08,-0.00028360614005298526,0.00021779546
2022-07-11,-0.009772571447684876,5.1250958e-05
2022-07-12,-0.0057236413300785416,5.1250958e-05
2022-07-13,-0.0017551946856914542,5.1250958e-05
2022-07-14,0.006912014580365188,5.1250958e-05
2022-07-15,0.014186202470718856,0.00011686465
2022-07-18,0.003804517906147779,0.00069204025
2022-07-19,0.010973459265845803,0.00011686465
2022-07-20,0.005095714512164849,0.00095451745
2022-07-21,0.006853755230166662,0.00021779546
2022-07-22,-0.005304241963650273,0.00021779546
2022-07-25,-0.008887333683346772,5.1250958e-05
2022-07-26,0.00953655956008488,5.1250958e-05
2022-07-27,0.017145896529526243,0.00069204025
2022-07-28,0.013415561413115864,0.00069204025
2022-07-29,0.010539792401854702,0.00085358665
2022-08-01,0.0003112792114048116,0.00095451745
2022-08-02,0.002458783072766921,0.00021779546
2022-08-03,-0.00035377417814128954,0.00021779546
2022-08-04,0.0008913297215996853,5.1250958e-05
2022-08-05,0.007307599012140524,0.00011686465
2022-08-08,0.0005505095416120064,0.00011686465
2022-08-10,0.007060942140366637,0.00011686465
2022-08-11,0.0022145679837284517,0.00011686465
2022-08-12,0.007155855032733008,0.00011686465
2022-08-16,0.006653737907021656,0.00011686465
2022-08-17,0.0006824370229270742,0.00011686465
2022-08-18,-0.011090751389954998,0.00011686465
2022-08-19,-0.015192148554208883,5.1250958e-05
2022-08-22,0.004950408657946044,5.1250958e-05
2022-08-23,0.001560393032835227,0.00011686465
2022-08-24,-0.004697196795508722,0.00011686465
2022-08-25,0.002078094793881999,5.1250958e-05
2022-08-26,-0.014109055185943692,0.00011686465
2022-08-29,0.025457455427431688,-0.00044126215
2022-08-30,-0.012265712506503565,0.00042755107
2022-09-01,-0.00019106884593758132,-0.00044126215
2022-09-02,0.00717802628935595,-0.00037564844
2022-09-05,-0.000577619915734608,-0.00037564844
2022-09-06,-0.0017686636555011566,-0.00044126215
2022-09-07,0.009843902383512463,-0.00044126215
2022-09-08,0.0019420477956010656,0.00025554214
2022-09-09,0.005759080279283832,-0.00037564844
2022-09-12,0.007426556664034913,-0.00037564844
2022-09-13,-0.003675845320864187,-0.00037564844
2022-09-14,-0.0070427023794097186,-0.00044126215
2022-09-15,-0.019575203370476822,-0.00044126215
2022-09-16,0.005200144374609497,-0.00044126215
2022-09-19,0.010948654031257964,0.00011686465
2022-09-20,-0.005510158516157929,0.00059821893
2022-09-21,-0.005010107310831895,5.1250958e-05
2022-09-22,-0.01730454089090743,-0.00044126215
2022-09-23,-0.018114401349380974,-0.00044126215
2022-09-26,-0.0005231876910193474,-0.00044126215
2022-09-27,-0.008787677246935572,-0.00044126215
2022-09-28,-0.0024052250050792126,-0.00044126215
2022-09-29,0.016292312526781774,-0.00044126215
2022-09-30,-0.012183178897324074,0.0014544616
2022-10-03,0.022655095268550494,-0.00044126215
2022-10-04,0.0033231164632058175,0.00025554214
2022-10-06,-0.0009900230150986376,6.2065854e-05
2022-10-07,-0.004262718329192525,-3.5478406e-06
2022-10-10,-0.015044993668578569,-0.00044126215
2022-10-11,0.008212331644389038,-0.00044126215
2022-10-12,-0.0064005234917517235,0.00025554214
2022-10-13,0.010020514532698735,-0.00044126215
2022-10-14,0.007310797834822186,0.00025554214
2022-10-17,0.010066448739082915,-0.00037564844
2022-10-18,0.0014457922593648584,0.00094862416
2022-10-19,0.0029478254394111857,-0.00037564844
2022-10-20,0.0007029866326317706,6.2065854e-05
2022-10-21,0.008748972260095097,0.00011686465
2022-10-24,-0.004204950452158822,0.00069204025
2022-10-25,0.0045545202832827395,5.1250958e-05
2022-10-27,0.0028066628790527496,0.00011686465
2022-10-28,0.012592609626880552,0.00011686465
2022-10-31,0.007367843877008389,0.00069204025
2022-11-01,-0.0034531529072475455,0.00011686465
2022-11-02,-0.001668738878993079,5.1250958e-05
2022-11-03,0.0035638102334325083,5.1250958e-05
2022-11-04,0.0047164462855731094,0.00011686465
2022-11-07,-0.0025193100341803654,0.00011686465
2022-11-09,-0.007119006002546902,5.1250958e-05
2022-11-10,0.01767602773148285,5.1250958e-05
2022-11-11,-0.0011204729970374992,0.00069204025
2022-11-14,0.00404274135870096,5.1250958e-05
2022-11-15,0.000339553496785159,0.00011686465
2022-11-16,-0.0035778894143715548,0.00011686465
2022-11-17,-0.001978088841936149,5.1250958e-05
2022-11-18,-0.008100449774708418,5.1250958e-05
2022-11-21,0.004628601630860599,5.1250958e-05
2022-11-22,0.0012626606067816233,0.00011686465
2022-11-23,0.011801042862214367,0.00011686465
2022-11-24,0.0015488019469054911,0.00069204025
2022-11-25,0.0026972005940332764,0.00011686465
2022-11-28,0.0029746977400658824,0.00011686465
2022-11-29,0.007507383568474861,0.00011686465
2022-11-30,0.0028825767148602448,0.00011686465
2022-12-01,-0.006206617442539312,0.00011686465
2022-12-02,0.0002647887259970962,5.1250958e-05
2022-12-05,-0.0031223832280691255,0.00011686465
2022-12-06,-0.004421663914122268,5.1250958e-05
2022-12-07,0.0026284549446723396,5.1250958e-05
2022-12-08,-0.006077211303593385,0.00011686465
2022-12-09,2.977698935843848e-05,5.1250958e-05
2022-12-12,0.005974908495510217,0.00011686465
2022-12-13,0.002806718551028224,0.00011686465
2022-12-14,-0.01323817358829901,0.00011686465
2022-12-15,-0.007954506384605002,5.1250958e-05
2022-12-16,0.008255783729645224,5.1250958e-05
2022-12-19,-0.0019099433205291773,0.00059821893
2022-12-20,-0.01017935391694218,5.1250958e-05
2022-12-21,-0.0039502948868902,5.1250958e-05
2022-12-22,-0.01784137526808462,5.1250958e-05
2022-12-23,0.01160206785899442,-0.00044126215
2022-12-26,0.006512402811413872,0.00025554214
2022-12-27,-0.0005406611691443354,-0.00037564844
2022-12-28,0.0037727060871833766,-0.00044126215
2022-12-29,-0.004722210041123311,-0.00037564844
2022-12-30,0.005076675205536103,-0.00044126215
2023-01-02,0.001927069632871597,-0.00037564844
2023-01-03,-0.010453517612292944,-0.00037564844
2023-01-04,-0.0028194100932680756,-0.00044126215
2023-01-05,-0.0074028372147649955,-0.00044126215
2023-01-06,0.01344545509952314,-0.00044126215
2023-01-09,-0.010387266093937284,0.00025554214
2023-01-10,-0.0010305082936186098,-0.00044126215
2023-01-11,-0.0020976741216788596,-0.00044126215
2023-01-12,0.0054949708747303715,5.1250958e-05
2023-01-13,-0.0034447734977776498,0.00011686465
2023-01-16,0.008815596703469526,-0.00044126215
2023-01-17,0.00618737497867869,0.00025554214
2023-01-18,-0.0031703874707042848,-0.00037564844
2023-01-19,-0.004438812272184146,-0.00044126215
2023-01-20,0.005029606393094338,-0.00044126215
2023-01-23,-1.379810823647804e-05,0.00011686465
2023-01-24,-0.012571672991636754,-0.00037564844
2023-01-25,-0.016204838949638832,-0.00044126215
2023-01-27,0.002530238851503625,0.000651262
2023-01-30,0.0007477066778470427,0.00011686465
2023-01-31,-0.0025992997802722563,0.00011686465
2023-02-01,-0.00033499535771969267,0.0027453047
2023-02-02,0.013740758205234283,-0.00044126215
2023-02-03,-0.005022725956678951,0.00025554214
2023-02-06,-0.0024290993398515346,-0.00044126215
2023-02-07,0.00843982073038998,-0.00044126215
2023-02-08,0.0012162679944837883,0.00025554214
2023-02-09,-0.00206709283308457,-0.00037564844
2023-02-10,-0.0048052775756446476,-0.00044126215
2023-02-13,0.008904589905162998,-0.00044126215
2023-02-14,0.004785004379327248,0.00025554214
2023-02-15,0.00110951785824931,0.00011686465
2023-02-16,-0.005094522761127012,0.00011686465
2023-02-17,-0.005565979846782634,5.1250958e-05
2023-02-20,-0.0010036299610954843,5.1250958e-05
2023-02-21,-0.015398310946496917,-0.00044126215
2023-02-22,-0.0024554471223785586,5.1250958e-05
2023-02-23,-0.002598803690668268,5.1250958e-05
2023-02-24,-0.004194194796816341,5.1250958e-05
2023-02-27,-0.005115779048087727,5.1250958e-05
2023-02-28,0.008456491641293511,5.1250958e-05
2023-03-01,-0.007419626196212839,0.00059821893
2023-03-02,0.015606186138582535,-0.00044126215
2023-03-03,0.006633473404126094,0.00025554214
2023-03-06,0.0024221155475668,-0.00037564844
2023-03-08,-0.009325598438082557,-0.00037564844
2023-03-09,-0.010096462811863625,-0.00044126215
2023-03-10,-0.014962416687813755,-0.00044126215
2023-03-13,-0.006491706128142258,0.000651262
2023-03-14,-0.004183422059139645,-0.00044126215
2023-03-15,0.0007921148752918237,-0.00044126215
2023-03-16,0.0067155298897271865,-0.00037564844
2023-03-17,-0.006550651968001941,-0.00037564844
2023-03-20,0.006986182644570191,-0.00044126215
2023-03-21,0.002592013577443892,-0.00037564844
2023-03-22,-0.0043822814890137705,-0.00037564844
2023-03-23,-0.007750894050448838,5.1250958e-05
2023-03-24,0.002395965721106003,5.1250958e-05
2023-03-27,-0.0020036899079230227,0.00011686465
2023-03-28,0.0075810476927372725,5.1250958e-05
2023-03-29,0.016205182818433635,-0.00037564844
2023-03-31,0.002203867672376198,0.00059821893
2023-04-03,0.00909744726853034,0.00011686465
2023-04-05,0.002395004471214228,0.00095451745
2023-04-06,0.0014138632460749291,0.00021779546
2023-04-10,0.005559286811614234,0.00021779546
2023-04-11,0.005071088231309614,0.00011686465
2023-04-12,0.0008753891763391581,0.00011686465
2023-04-13,-0.00681870678285114,0.00011686465
2023-04-17,-0.0026408372714739102,5.1250958e-05
2023-04-18,-0.0023470351496987078,5.1250958e-05
2023-04-19,0.00032342232975522987,5.1250958e-05
2023-04-20,-2.260734499433094e-05,0.00011686465
2023-04-21,0.006749146939408538,0.00011686465
2023-04-24,0.0014557975062981768,0.00011686465
2023-04-25,0.002492753268886545,0.00011686465
2023-04-26,0.005678996739265909,0.00011686465
2023-04-27,0.008335179280697748,0.00011686465
2023-04-28,0.004564732669242972,0.00069204025
2023-05-02,-0.003190111363585117,0.00011686465
2023-05-03,0.009131894646700034,5.1250958e-05
2023-05-04,-0.010285117822267788,0.00069204025
2023-05-05,0.010756068652657526,5.1250958e-05
2023-05-08,8.479678637020549e-05,0.00069204025
2023-05-09,0.0026872067245805376,0.00011686465
2023-05-10,-0.0009887229108728535,0.00011686465
2023-05-11,0.0009724068345624825,5.1250958e-05
2023-05-12,0.004578622613795238,0.00011686465
2023-05-15,-0.0061250587396132535,0.00011686465
2023-05-16,-0.005744738948538704,5.1250958e-05
2023-05-17,-0.0028531199312594804,5.1250958e-05
2023-05-18,0.004043187469679982,5.1250958e-05
2023-05-19,0.0060792457091855085,0.00011686465
2023-05-22,0.0018329197446846867,0.00011686465
2023-05-23,-0.003417628155656871,0.00011686465
2023-05-24,0.0019532029433287895,5.1250958e-05
2023-05-25,0.009679423693686186,0.00011686465
2023-05-26,0.005353443226476252,0.00069204025
2023-05-29,0.0018907797884415813,0.00011686465
2023-05-30,-0.005351312266430236,0.00011686465
2023-05-31,-0.0025201353688439534,5.1250958e-05
2023-06-01,0.002503906967370625,5.1250958e-05
2023-06-02,0.0032186023111129003,0.00011686465
2023-06-05,0.00027695595857881204,0.00011686465
2023-06-06,0.006826497990157328,0.00011686465
2023-06-07,-0.004916887367083021,0.00011686465
2023-06-08,-0.003825505177262602,5.1250958e-05
2023-06-09,0.0020503013499982166,5.1250958e-05
2023-06-12,0.00614458574708609,0.00011686465
2023-06-13,0.002121582036807868,0.00011686465
2023-06-14,-0.0036214536561356998,0.00011686465
2023-06-15,0.007351956368470602,5.1250958e-05
2023-06-16,-0.003754557931873424,0.00011686465
2023-06-19,0.0032603966930515953,5.1250958e-05
2023-06-20,0.0021314905059401927,0.00011686465
2023-06-21,-0.004549778379793411,0.00011686465
2023-06-22,-0.005649543898520234,5.1250958e-05
2023-06-23,0.0013758829522746805,5.1250958e-05
2023-06-26,0.006729211402828641,0.00011686465
2023-06-27,0.008187463868637099,0.00011686465
2023-06-28,0.011370386219451868,0.00069204025
2023-06-30,0.006933003527425256,0.00034936346
2023-07-03,0.0034330468644171055,6.2065854e-05
2023-07-04,0.0004898485434720244,6.2065854e-05
2023-07-05,0.005080291021865595,0.00021779546
2023-07-06,-0.008524585713268293,6.2065854e-05
2023-07-07,0.0012458539412885826,-0.00044126215
2023-07-10,0.004304651710725516,-0.00037564844
2023-07-11,-0.00283845407345589,-0.00037564844
2023-07-12,0.0015180775225879406,-0.00044126215
2023-07-13,0.007735121594226721,0.00011686465
2023-07-14,0.007482946045497489,0.00011686465
