depth,lambda,mdd,sortino,mdd_imp,sort_imp,score
4,52.23345074266838,-0.01143158900430817,1.1733093676644153,96.67259758001663,474.42341108789475,209.99784163238007
6,2.7283333764867668,-0.2906627780901687,0.14272516313449934,15.396535787646815,-30.12527018428761,1.7399939960664863
6,94.26684551178845,-0.2458842315483437,0.07120703749772701,28.430265750336602,-65.13878564327045,0.35955033225448574
4,0.1425102670302998,-0.2906627780901687,0.1179161668717625,15.396535787646815,-42.27114462427086,-1.903768335928488
6,70.17038286703823,-0.251296592969138,0.05690189044164071,26.854885067687107,-72.14223383394518,-2.844250602802582
6,52.23345074266838,-0.2403263510052644,0.035856775536468634,30.048002808767503,-82.44540452679455,-3.7000193919011117
4,70.17038286703823,-0.24426562506038296,0.04066414244370664,28.90139492957946,-80.09183591709046,-3.796574324421517
4,126.63801734674021,-0.24426562506038296,0.040513567466660586,28.90139492957946,-80.16555372274597,-3.8186896661181677
4,0.018047217668271703,-0.2906627780901687,0.10486290149783531,15.396535787646815,-48.661702331018276,-3.8209356479527123
4,0.024244620170823284,-0.2906627780901687,0.10486290149783531,15.396535787646815,-48.661702331018276,-3.8209356479527123
6,126.63801734674021,-0.2458842315483437,0.04181501312627309,28.430265750336602,-79.52839793438959,-3.9573333550812535
4,0.03257020655659783,-0.2906627780901687,0.10178238027238358,15.396535787646815,-50.16984976341716,-4.273379877672378
4,0.043754793750741844,-0.2906627780901687,0.10178238027238358,15.396535787646815,-50.16984976341716,-4.273379877672378
4,0.01,-0.2906627780901687,0.09818542426741231,15.396535787646815,-51.930830963134,-4.801674237587429
4,0.013433993325989001,-0.2906627780901687,0.096582887044214,15.396535787646815,-52.71539377624552,-5.037043081520885
4,0.05878016072274912,-0.2906627780901687,0.07720467039425327,15.396535787646815,-62.20249207754742,-7.883172571911455
6,170.12542798525857,-0.2458842315483437,0.009914463663728333,28.430265750336602,-95.14612241768558,-8.64265070007005
4,0.10608183551394483,-0.2906627780901687,0.07022535090214002,15.396535787646815,-65.61939525774821,-8.908243525971692
4,0.07896522868499725,-0.2906627780901687,0.056470639391139145,15.396535787646815,-72.35336374246832,-10.928434071387723
6,1.1253355826007645,-0.2906627780901687,0.043393198959143356,15.396535787646815,-78.75575696310638,-12.849152037579142
4,38.88155180308085,-0.2780389480273343,0.02426785123228941,19.070964835498692,-88.1190568584872,-13.086041672697077
6,0.6235507341273913,-0.2906627780901686,0.040089978840409865,15.396535787646847,-80.37293229679872,-13.334304637686822
4,28.94266124716749,-0.279005533141619,0.023227614447629795,18.78962007693723,-88.62833120560396,-13.435765307825127
4,94.26684551178845,-0.24426562506038296,-0.03753519249630227,28.90139492957946,-118.37630713925529,-15.28191569107096
4,307.029062975785,-0.24426562506038296,-0.0377375284210004,28.90139492957946,-118.47536583191882,-15.311633298870024
4,1.5117750706156616,-0.2780389480273343,0.008253077430971796,19.070964835498692,-95.95949625859693,-15.438173492729993
6,228.54638641349885,-0.2458842315483437,-0.03757166905161742,28.430265750336602,-118.39416516366583,-15.617063523864129
4,0.46415888336127775,-0.2906627780901687,0.024519993129342738,15.396535787646815,-87.99561438664207,-15.621109264639852
4,228.54638641349885,-0.24426562506038296,-0.04239603202504678,28.90139492957946,-120.75605462939116,-15.995839938111725
4,554.102033000948,-0.24426562506038296,-0.04239603202504678,28.90139492957946,-120.75605462939116,-15.995839938111725
4,170.12542798525857,-0.24426562506038296,-0.04239603202504678,28.90139492957946,-120.75605462939116,-15.995839938111725
4,412.4626382901348,-0.24426562506038296,-0.04239603202504678,28.90139492957946,-120.75605462939116,-15.995839938111725
6,1.5117750706156616,-0.2906627780901687,0.01988044448368092,15.396535787646815,-90.2670233026506,-16.30253193944241
6,307.029062975785,-0.2458842315483437,-0.04821363845821538,28.430265750336602,-123.60421166606402,-17.18007747458358
6,412.4626382901348,-0.2458842315483437,-0.04821363845821538,28.430265750336602,-123.60421166606402,-17.18007747458358
4,0.25719138090593446,-0.2906627780901687,0.012502927681527495,15.396535787646815,-93.87887409293877,-17.38608717652886
6,744.3803013251681,-0.24032635100526428,-0.05979390293410119,30.04800280876754,-129.27362435879627,-17.748485341501606
6,1000.0,-0.24032635100526428,-0.06170069943910882,30.04800280876754,-130.20714503360117,-18.02854154394307
6,554.102033000948,-0.2458842315483437,-0.05611897693223478,28.430265750336602,-127.47447096612392,-18.34115526460155
4,0.34551072945922184,-0.2906627780901687,0.005255430873921764,15.396535787646815,-97.42707029149177,-18.45054603609476
4,0.19144819761699575,-0.2906627780901687,0.005124143840388641,15.396535787646815,-97.49134519435377,-18.46982850695336
4,4.923882631706737,-0.2780389480273343,-0.015941899844893262,19.070964835498692,-107.80476210324123,-18.99175324612328
4,0.8376776400682916,-0.2780389480273343,-0.01758426829543596,19.070964835498692,-108.608825305687,-19.232972206857013
4,1.1253355826007645,-0.2780389480273343,-0.01758426829543596,19.070964835498692,-108.608825305687,-19.232972206857013
6,38.88155180308085,-0.2780389480273343,-0.024258660191042548,19.070964835498692,-111.87644343375457,-20.213257645277288
6,2.030917620904735,-0.2906627780901687,-0.007573367808784714,15.396535787646815,-103.70773462655045,-20.334745336612364
4,6.614740641230146,-0.2780389480273343,-0.03053269455887187,19.070964835498692,-114.94805636225716,-21.134741523828062
6,0.8376776400682916,-0.2906627780901687,-0.016690231252526687,15.396535787646815,-108.1711267566256,-21.673762975634908
4,0.6235507341273913,-0.2906627780901687,-0.018622654021124677,15.396535787646815,-109.11719341985491,-21.957582974603703
4,21.54434690031882,-0.279005533141619,-0.037664405259050175,18.78962007693723,-118.4395665301536,-22.37913590519002
4,2.030917620904735,-0.2780389480273343,-0.04766652934884824,19.070964835498692,-123.33636050122969,-23.651232765519822
6,3.665241237079626,-0.2780389480273342,-0.05169584590767741,19.070964835498717,-125.30901479502681,-24.243029053658944
4,3.665241237079626,-0.2780389480273343,-0.05790099395598643,19.070964835498692,-128.34690267562075,-25.154395417837137
4,2.7283333764867668,-0.2780389480273343,-0.06250426251226651,19.070964835498692,-130.60054975210804,-25.830489540783326
6,28.94266124716749,-0.2924560655937996,-0.04453335483748859,14.874562055293538,-121.80243531495809,-26.128537155781952
6,4.923882631706737,-0.2780389480273342,-0.06474496225842281,19.070964835498717,-131.6975412420618,-26.159586987769437
4,16.037187437513293,-0.2780389480273343,-0.0836456985997453,19.070964835498692,-140.95087692697783,-28.93558769324426
4,8.886238162743398,-0.2780389480273342,-0.09769113032903509,19.070964835498717,-147.8271748808593,-30.998477079408687
6,21.54434690031882,-0.3022699368973355,-0.0661204031198334,12.018030114503485,-132.37092326144673,-31.29865589828158
6,8.886238162743398,-0.3122536079401982,-0.05579935309994688,9.112074417896498,-127.31799099837826,-31.816945206985935
4,11.937766417144358,-0.279005533141619,-0.11439074477140473,18.78962007693723,-156.00289541647024,-33.64813457108501
6,6.614740641230146,-0.3022699368973355,-0.08925111982541653,12.018030114503485,-143.69515330435308,-34.69592491115348
6,0.10608183551394483,-0.34864475809799444,-0.07341510154650081,-1.4803288827641259,-135.94222821185795,-41.81889868149227
6,0.25719138090593446,-0.34864475809799444,-0.08698223410660996,-1.4803288827641259,-142.58436265537034,-43.811539014545986
6,0.043754793750741844,-0.34864475809799444,-0.09084738062450307,-1.4803288827641259,-144.47664333457624,-44.37922321830776
6,0.05878016072274912,-0.34864475809799444,-0.09084738062450307,-1.4803288827641259,-144.47664333457624,-44.37922321830776
6,0.19144819761699575,-0.34864475809799444,-0.09513096504108705,-1.4803288827641259,-146.57378091829395,-45.008364493423066
6,16.037187437513293,-0.30143571061202407,-0.1664023350157808,12.26084907514955,-181.46649087361104,-45.85735290947862
6,0.07896522868499725,-0.34864475809799444,-0.10314723006915891,-1.4803288827641259,-150.49834713118955,-46.18573435729175
6,0.01,-0.34864475809799444,-0.10489031667141059,-1.4803288827641259,-151.35171946373993,-46.44174605705686
6,0.03257020655659783,-0.34864475809799444,-0.11567774530317011,-1.4803288827641259,-156.6329792254832,-48.02612398557985
6,0.013433993325989001,-0.34864475809799444,-0.11567774530317011,-1.4803288827641259,-156.6329792254832,-48.02612398557985
6,0.018047217668271703,-0.34864475809799444,-0.11567774530317011,-1.4803288827641259,-156.6329792254832,-48.02612398557985
6,0.024244620170823284,-0.34864475809799444,-0.11567774530317011,-1.4803288827641259,-156.6329792254832,-48.02612398557985
6,0.34551072945922184,-0.34864475809799444,-0.1388681331138328,-1.4803288827641259,-167.98642277393876,-51.43215705011651
6,11.937766417144358,-0.32595365044345076,-0.17688646740901182,5.124391291603381,-186.59926425596706,-52.392705372667756
6,0.1425102670302998,-0.34864475809799444,-0.17598796257609314,-1.4803288827641259,-186.15937838679386,-56.884043733973044
6,0.46415888336127775,-0.34864475809799444,-0.20776886629583358,-1.4803288827641259,-201.71852725687316,-61.551788394996834
4,744.3803013251681,0.0,,100.0,,
4,1000.0,0.0,,100.0,,
