lambda,mdd,sortino,mdd_imp,sort_imp,score
2.68031441109664,-0.2906627780901687,0.13405100461105368,15.396535787646815,-34.371924872874324,0.4659975894904722
2.835655697240044,-0.2906627780901687,0.1090182375827745,15.396535787646815,-46.62735197644915,-3.210630541581974
2.533482943406928,-0.2906627780901687,0.07877637365638984,15.396535787646815,-61.43302481346888,-7.652332392687896
2.394695114110777,-0.2906627780901687,0.07531902901868279,15.396535787646815,-63.125655721250176,-8.160121665022281
1.2885607692309613,-0.2906627780901687,0.042721946156536815,15.396535787646815,-79.08438582707181,-12.947740696768772
0.6194754052461124,-0.2906627780901686,0.040089978840409865,15.396535787646847,-80.37293229679872,-13.334304637686822
3.0,-0.2780389480273343,0.01921914137370974,19.070964835498692,-90.5907810417956,-13.827558927689592
0.6933612743506348,-0.2906627780901686,0.02270951819301028,15.396535787646847,-88.88197839027004,-15.887018465728216
1.4422495703074085,-0.2906627780901687,0.01988044448368092,15.396535787646815,-90.2670233026506,-16.30253193944241
1.52583711595645,-0.2906627780901687,0.01988044448368092,15.396535787646815,-90.2670233026506,-16.30253193944241
1.2179715621699296,-0.2906627780901687,0.008050020999461407,15.396535787646815,-96.05890769367626,-18.04009725675011
1.151249333114506,-0.2906627780901687,0.008050020999461407,15.396535787646815,-96.05890769367626,-18.04009725675011
1.614269092092055,-0.2906627780901687,0.007188727366642044,15.396535787646815,-96.48057587441977,-18.16659771097316
2.139511941511276,-0.2906627780901687,-0.007573367808784714,15.396535787646815,-103.70773462655045,-20.334745336612364
2.263510281160374,-0.2906627780901687,-0.007573367808784714,15.396535787646815,-103.70773462655045,-20.334745336612364
2.022306408753186,-0.2906627780901687,-0.007573367808784714,15.396535787646815,-103.70773462655045,-20.334745336612364
1.9115215631820084,-0.2906627780901687,-0.01305773954593009,15.396535787646815,-106.39274815132624,-21.140249394045103
1.707826264306238,-0.2906627780901687,-0.01509063182235259,15.396535787646815,-107.38800221472928,-21.438825613066015
1.8068056703447524,-0.2906627780901687,-0.01509063182235259,15.396535787646815,-107.38800221472928,-21.438825613066015
0.5855396540620746,-0.2906627780901686,-0.015532557267063587,15.396535787646847,-107.60435804414088,-21.50373236188947
0.9722235163514003,-0.2906627780901687,-0.016690231252526687,15.396535787646815,-108.1711267566256,-21.673762975634908
0.8686215672279027,-0.2906627780901687,-0.016690231252526687,15.396535787646815,-108.1711267566256,-21.673762975634908
0.8210372319517928,-0.2906627780901687,-0.016690231252526687,15.396535787646815,-108.1711267566256,-21.673762975634908
1.0881822434633166,-0.2906627780901687,-0.016690231252526687,15.396535787646815,-108.1711267566256,-21.673762975634908
0.9189637177108658,-0.2906627780901687,-0.016690231252526687,15.396535787646815,-108.1711267566256,-21.673762975634908
1.0285700594374023,-0.2906627780901687,-0.016690231252526687,15.396535787646815,-108.1711267566256,-21.673762975634908
0.776059634810099,-0.2906627780901686,-0.032183364234436754,15.396535787646847,-115.7561836403209,-23.949280040743474
0.733545974949095,-0.2906627780901686,-0.04425732325067275,15.396535787646847,-121.66729703852688,-25.722614060205274
1.3632410702947362,-0.2906627780901687,-0.05732288082361414,15.396535787646815,-128.0638727036083,-27.64158675972972
0.5534629520003622,-0.34864475809799444,-0.009457750552567982,-1.4803288827641259,-104.63028207508387,-32.42531484046005
0.6553779492859982,-0.2906627780901686,-0.09483722814984044,15.396535787646847,-146.42997456024185,-33.15141731671976
0.5231434576837067,-0.34864475809799444,-0.03971947982199058,-1.4803288827641259,-119.4456804955045,-36.869934366586236
0.494484908751553,-0.34864475809799444,-0.1203607120141742,-1.4803288827641259,-158.92564455849828,-48.713923585484366
0.3333333333333333,-0.34864475809799444,-0.1388681331138328,-1.4803288827641259,-167.98642277393876,-51.43215705011651
0.35265212239035376,-0.34864475809799444,-0.1388681331138328,-1.4803288827641259,-167.98642277393876,-51.43215705011651
0.39471353166295237,-0.34864475809799444,-0.14475829328964715,-1.4803288827641259,-170.87010033868916,-52.29726031954163
0.37309055827926313,-0.34864475809799444,-0.16183067685177085,-1.4803288827641259,-179.22831946778152,-54.80472605826934
0.46739631623352157,-0.34864475809799444,-0.22028287556485604,-1.4803288827641259,-207.84507843664127,-63.38975374892726
0.4175896940313968,-0.34864475809799444,-0.23371772356929785,-1.4803288827641259,-214.4224496149869,-65.36296510243095
0.44179167566553157,-0.34864475809799444,-0.23371772356929785,-1.4803288827641259,-214.4224496149869,-65.36296510243095
