depth,lambda,lr,reg,rmse,mdd,sortino,score
6,0.5,0.03,1.0,0.01297933984018001,-0.16929627024393648,1.8171991376010335,0.551123594902591
5,0.75,0.03,2.0,0.012973394991602376,-0.17213551184289874,1.8384876655655968,0.5510116597755916
6,0.5,0.05,1.0,0.012970244144352263,-0.16929627024393648,1.811382638389311,0.5494481750624406
8,5.0,0.05,2.0,0.01306781619754138,-0.14208443913539906,1.5979068933358254,0.547801122691903
6,0.75,0.03,2.0,0.012977500554595518,-0.169296270243938,1.7940186537633172,0.5444465472296978
6,0.5,0.05,2.0,0.012966052574293648,-0.169296270243938,1.7687574123712653,0.5371701454845076
6,0.5,0.03,2.0,0.012973658413211733,-0.169296270243938,1.7505153043227821,0.5319155776356886
8,5.0,0.03,2.0,0.013079733007940525,-0.14208443913539906,1.5142620718795572,0.5237075591423298
5,0.5,0.1,0.5,0.012971663685489684,-0.17213551184289885,1.731050177680932,0.5200647117531243
5,1.0,0.03,2.0,0.012976919086350801,-0.17213551184289874,1.7166423719283215,0.5159145996784408
5,0.25,0.03,2.0,0.012971437014501284,-0.17213551184289874,1.701441504917371,0.5115360494112442
5,2.0,0.1,2.0,0.013168439995212968,-0.15582738059437576,1.5721716349354415,0.5101649367692402
6,0.25,0.03,1.0,0.012975593792109583,-0.17151126578939163,1.6898249446191522,0.5095627760775051
7,5.0,0.05,2.0,0.012979141774024823,-0.16302427878403755,1.6204663744786787,0.5082487502285875
7,1.0,0.03,2.0,0.012997028338760807,-0.15293220867673987,1.5432332993081852,0.5081963757448283
8,5.0,0.1,2.0,0.01297453202032671,-0.14208443913539906,1.458846870093837,0.5077454270869135
5,0.75,0.03,0.5,0.012986264352765505,-0.17213551184289885,1.6875180209112517,0.5075254443206672
5,0.5,0.03,2.0,0.012980198040108993,-0.17213551184289874,1.686518543201746,0.5072375486770268
5,0.25,0.05,1.0,0.013020961852761689,-0.17213551184289874,1.671144649063096,0.5028091586226868
6,0.75,0.05,1.0,0.012974748704592663,-0.16929627024393648,1.6350253009840363,0.49864913404315836
5,0.1,0.1,2.0,0.013044581117557899,-0.17213551184289874,1.650531756514761,0.4968716955746787
8,2.0,0.03,0.5,0.01298720471735105,-0.1667843941036161,1.5941315913529321,0.492393936694867
4,0.1,0.03,0.5,0.012985640800987198,-0.18230695736681965,1.7080332774475242,0.49106591198285354
7,1.0,0.05,2.0,0.013123961431643842,-0.15293220867673987,1.475248968169107,0.48861375515747985
4,0.1,0.05,0.5,0.013004992744175506,-0.18230695736681965,1.6965410473695446,0.48775562007369
5,0.25,0.03,1.0,0.013010522678687993,-0.17213551184289874,1.6159406168154598,0.48690785312648827
6,0.5,0.05,0.5,0.012974724718272415,-0.16929627024393776,1.5874705950663708,0.48495118706735174
5,0.1,0.05,0.5,0.013036345039850994,-0.17213551184289877,1.6019708890546154,0.48288392770329724
4,0.1,0.05,2.0,0.013039870541084901,-0.18230695736681948,1.6748219210090471,0.48149951070436803
8,5.0,0.05,1.0,0.013033161382290591,-0.1290411315125724,1.258166362925474,0.47862481466670886
7,0.75,0.03,2.0,0.013060486408691747,-0.16929627024393737,1.5628623613165853,0.4778628816185426
4,0.1,0.05,1.0,0.013035817745255165,-0.18230695736681948,1.6515387043171428,0.4747928712347844
7,5.0,0.1,1.0,0.012976576535777244,-0.1260450947602998,1.2047763335429247,0.4698348591722417
7,2.0,0.1,2.0,0.013100379152027363,-0.15068519301186822,1.389554229690425,0.4688713200418152
5,0.5,0.03,1.0,0.013038278599958411,-0.17213551184289874,1.5508394810398634,0.4681557256827255
6,0.1,0.1,1.0,0.01308803747921688,-0.17151126578939163,1.541343142074298,0.46679317380822394
6,2.0,0.1,2.0,0.013134447365644156,-0.15068519301186795,1.3667841621005996,0.4623124911633255
7,5.0,0.05,1.0,0.012981314156158852,-0.1260450947602998,1.174713436151218,0.4611753592034351
7,5.0,0.03,1.0,0.012988358629998075,-0.1260450947602998,1.174713436151218,0.4611753592034351
8,2.0,0.1,1.0,0.013138417186623378,-0.16457412411360808,1.4655154453461208,0.46020734760675774
5,0.5,0.1,1.0,0.013007982327474583,-0.17213551184289874,1.5226965285503284,0.4600492583309631
5,0.75,0.05,1.0,0.013117072162249858,-0.17213551184289874,1.5205703101513601,0.45943680944023774
6,3.0,0.1,2.0,0.01300903344221412,-0.14830801801748708,1.33823233978529,0.45931609367530357
5,0.1,0.1,1.0,0.013018526105779266,-0.17213551184289874,1.5165929434007208,0.4582911445096648
7,5.0,0.03,2.0,0.012983788665045971,-0.16302427878403755,1.4456357074968542,0.4578894606514897
5,0.75,0.05,2.0,0.013036777888284294,-0.17213551184289874,1.5151091949365207,0.45786375656990475
5,0.75,0.03,1.0,0.013062044147060218,-0.17213551184289874,1.5091578585868966,0.456149497419749
6,0.75,0.1,2.0,0.01311606157127803,-0.169296270243938,1.4830577641366662,0.454875479646409
5,0.25,0.05,0.5,0.013122927097748817,-0.17213551184289877,1.4997058983947202,0.4534268972683779
5,0.25,0.1,1.0,0.0130385489192853,-0.17213551184289874,1.490507912869843,0.45077745352621457
3,0.75,0.1,1.0,0.012999100399543474,-0.1581750238323672,1.3784235627085575,0.4491936651520879
7,5.0,0.1,2.0,0.013142879417728685,-0.16302427878403755,1.4118362072547137,0.4481536468515453
7,2.0,0.05,2.0,0.013102797611767164,-0.15068519301186822,1.3173876823298278,0.4480840284353062
8,2.0,0.05,0.5,0.012974172513314312,-0.1667843941036161,1.4396669615320414,0.44790100443728925
8,5.0,0.1,1.0,0.012997987027696849,-0.1290411315125724,1.1509705041054945,0.44774746695092027
6,2.0,0.03,2.0,0.012994607039527904,-0.15068519301186795,1.3099068722111995,0.44592921035024824
3,2.0,0.1,2.0,0.013089166885532884,-0.1581750238323672,1.366796815194105,0.44584462602166475
7,0.25,0.1,2.0,0.01308931381339428,-0.18539947036815843,1.5734057997637747,0.4454859912667254
6,0.75,0.05,0.5,0.013051382536551196,-0.16929627024393776,1.4476588349839676,0.44467895660674595
5,1.0,0.1,2.0,0.013031047034465027,-0.17213551184289874,1.4689484974264542,0.4445673482616763
4,0.25,0.05,1.0,0.012995149894999634,-0.18230695736681948,1.54251892845413,0.44339015135105536
4,0.1,0.1,1.0,0.01302931898620465,-0.18230695736681948,1.541968882854846,0.4432317128683043
6,0.75,0.03,1.0,0.012983656393322869,-0.16929627024393648,1.4423020622222087,0.4431359591717726
5,0.75,0.1,0.5,0.013011513602823686,-0.17213551184289885,1.4611774232186996,0.4423289207414395
5,1.0,0.05,2.0,0.013031215215839574,-0.17213551184289874,1.456746320538079,0.4410525589515346
7,0.25,0.05,2.0,0.013099638607022745,-0.18539947036815843,1.555874379446996,0.44043613423836864
7,0.75,0.05,2.0,0.013109008632075933,-0.16929627024393737,1.4306132467080468,0.43976904159688013
4,0.1,0.1,0.5,0.013037696834864568,-0.18230695736681965,1.5269501371759895,0.43890562193824445
8,1.0,0.1,1.0,0.01307507888841215,-0.17764849703933938,1.489610362988874,0.4383948535864579
4,5.0,0.05,1.0,0.013009551247843478,-0.11623828763166241,1.0187465827007218,0.4378166824029554
4,5.0,0.1,1.0,0.013004846536260566,-0.11623828763166241,1.0172450435652618,0.4373841699299473
7,0.1,0.1,2.0,0.013058932753711505,-0.19389868157718354,1.6098750016301817,0.4372994800052318
5,1.0,0.1,1.0,0.013035221948053127,-0.17213551184289885,1.4339197595734856,0.43447745737747967
8,0.75,0.1,1.0,0.013038779433015473,-0.19358978916345007,1.5937628130511323,0.4333377381207062
7,0.5,0.05,2.0,0.013100422716975889,-0.16929627024393737,1.401715198611154,0.431445071909825
6,0.5,0.1,2.0,0.013115450569710776,-0.169296270243938,1.3988963711486753,0.4306331196882743
4,0.25,0.1,1.0,0.013022710415988677,-0.18230695736681948,1.4939930629500613,0.4294124656561724
7,1.0,0.05,0.5,0.013068397832198661,-0.18288085251379746,1.4954093758722558,0.4285583285087579
6,0.25,0.03,2.0,0.012978693672192652,-0.169296270243938,1.390198258711687,0.4281276624332609
5,1.0,0.05,0.5,0.012986010373934192,-0.17213551184289885,1.4118521204392949,0.42812096026729507
8,0.5,0.05,1.0,0.012998169230515123,-0.19143382137408332,1.5583303849394479,0.42787293389401837
6,0.1,0.1,2.0,0.013062106858518014,-0.17151126578939146,1.4062204224154797,0.4278716030951706
6,5.0,0.1,1.0,0.013183446659203284,-0.14069732371304802,1.170200446538077,0.4276524750257445
6,1.0,0.1,2.0,0.013120438194851106,-0.169296270243938,1.3883656202727033,0.4275997781013405
5,0.5,0.1,2.0,0.013085538441130131,-0.17213551184289874,1.4091158439393334,0.42733278652750806
8,2.0,0.05,1.0,0.013083961726862828,-0.16457412411360808,1.3506168403296397,0.42711125398703204
8,5.0,0.03,1.0,0.012992650621252528,-0.1290411315125724,1.0785864749466043,0.42689753056333785
5,1.0,0.05,1.0,0.013073372609697695,-0.17213551184289885,1.4045379073184252,0.42601412979560915
5,0.25,0.05,2.0,0.013088500020694184,-0.17213551184289874,1.400551442865026,0.42486584430735225
4,0.25,0.1,2.0,0.013085972865897962,-0.18230695736681948,1.477273855660266,0.4245965634123523
8,1.0,0.03,2.0,0.012988919361975531,-0.17422621562564466,1.4125982030133029,0.4237380258809033
8,1.0,0.05,1.0,0.012984869365498176,-0.17764849703933938,1.4376971961848917,0.42344146900537805
5,1.0,0.03,0.5,0.012984535839193153,-0.17213551184289885,1.3920143452893965,0.422406766753162
8,1.0,0.05,2.0,0.013098578565882923,-0.1645741241136083,1.3315740228288488,0.4216260449133521
5,2.0,0.03,2.0,0.012993833994508479,-0.15582738059437576,1.2589429635179081,0.41994064351406984
5,2.0,0.05,2.0,0.012991286989718609,-0.15582738059437576,1.2575779604333293,0.4195474597163035
7,0.5,0.05,0.5,0.013076844418437856,-0.18288085251379746,1.4639091931834882,0.41948482413369287
7,0.75,0.03,1.0,0.013056436577985777,-0.18288085251379743,1.4608667163602278,0.41860845058882673
7,0.75,0.1,2.0,0.013187546323586402,-0.16929627024393737,1.3551048155668808,0.41801913344291963
8,0.75,0.03,1.0,0.012982085181458417,-0.19358978916345007,1.5400251750204281,0.41785882174124267
4,0.5,0.1,0.5,0.013059733370368429,-0.18230695736681937,1.4507406015349487,0.41695376337625545
8,0.75,0.05,1.0,0.013031232007935096,-0.19358978916345007,1.5348080228344312,0.4163560414668317
8,1.0,0.05,0.5,0.012973070974236809,-0.17544990961063867,1.396171774772255,0.41631533029108675
4,0.25,0.05,0.5,0.013016444437124583,-0.18230695736681965,1.4482531706001454,0.4162372686278717
5,0.25,0.1,2.0,0.013127003166414648,-0.17213551184289874,1.3691669361611651,0.4158256599471427
6,0.25,0.1,1.0,0.013111339102083954,-0.1721717046667423,1.3688372068636252,0.4156510880643645
5,0.75,0.1,2.0,0.013165765086048595,-0.17213551184289874,1.366352665985072,0.41501502043410576
5,0.5,0.05,1.0,0.013046581254882849,-0.17213551184289874,1.3640756215839502,0.4143591267035858
5,1.0,0.03,1.0,0.012986493617950741,-0.17213551184289885,1.3600267006875832,0.41319285088130037
7,1.0,0.1,2.0,0.0131102009871626,-0.15293220867673987,1.2121869797081424,0.41283977864447996
8,1.0,0.03,1.0,0.01298560266346147,-0.17764849703933938,1.3970980887634252,0.41174705496174874
8,3.0,0.1,2.0,0.01315085314140408,-0.14565751547836764,1.1528476861934938,0.4117457101000071
6,1.0,0.05,1.0,0.012985569667903613,-0.16929627024393776,1.3320894859270556,0.4113896577905447
6,1.0,0.03,1.0,0.012988361928866706,-0.16929627024393776,1.3320894859270556,0.4113896577905447
4,1.0,0.05,2.0,0.013040235128025981,-0.18230695736681948,1.4311328610470146,0.4113058304464614
6,2.0,0.05,2.0,0.012991197353439675,-0.15068519301186795,1.1895014959758323,0.41124691282685877
4,0.5,0.05,2.0,0.013068418825205725,-0.18230695736681948,1.4236859372140973,0.4091607731734175
8,0.1,0.03,2.0,0.013094332463991056,-0.18539947036815893,1.4448581163751961,0.40845833402565507
7,2.0,0.03,2.0,0.013073888297332376,-0.15068519301186822,1.176932202802191,0.40762637710713423
6,0.25,0.1,2.0,0.01321052910650599,-0.169296270243938,1.314965475338483,0.4064571535403553
5,2.0,0.1,1.0,0.013047003059132018,-0.17213551184289885,1.33611313612836,0.40630464217485107
7,1.0,0.1,0.5,0.013036479090238275,-0.18288085251379746,1.417826927791327,0.4062110078901514
6,0.25,0.05,2.0,0.013058508743892465,-0.169296270243938,1.3109223804267929,0.4052925558701613
8,1.0,0.1,0.5,0.013029498611879088,-0.17544990961063867,1.3572605665277981,0.4051071090012768
8,3.0,0.03,2.0,0.013010880706075704,-0.14565751547836764,1.1283033794726758,0.40467581858176854
5,1.0,0.1,0.5,0.013188056232396569,-0.17213551184289885,1.3298332317164194,0.404495740279909
5,2.0,0.05,0.5,0.012991334301208949,-0.17213551184289885,1.3278709857013167,0.4039305229927934
8,1.0,0.1,2.0,0.01318122937438723,-0.16478298025799212,1.2716208110342204,0.4038974439147015
6,0.5,0.1,1.0,0.01306330359308979,-0.16939091087791755,1.3049539924179796,0.40336525296774217
7,0.25,0.03,2.0,0.013099070415268038,-0.18539947036815843,1.4270599694545214,0.4033316474426486
6,0.75,0.1,1.0,0.013176650474695293,-0.16929627024393648,1.3017791275490815,0.40265887765286895
8,1.0,0.03,0.5,0.013075548558383015,-0.17544990961063867,1.3487275014128008,0.4026491929815944
4,2.0,0.05,0.5,0.013062685302346652,-0.18230695736681937,1.3969829140790762,0.40146907183831804
4,0.1,0.1,2.0,0.013063982166096815,-0.18230695736681948,1.3967150307424792,0.4013919090913383
6,0.75,0.03,0.5,0.012983770920349573,-0.16929627024393776,1.2964388370277575,0.40112062786275837
3,0.5,0.1,1.0,0.013048764244184207,-0.1581750238323672,1.211221114194701,0.40103165405832225
5,0.1,0.05,1.0,0.01313692726549967,-0.17213551184289874,1.3143878901817807,0.40004677008270173
7,0.75,0.1,1.0,0.012999781130272368,-0.18288085251379743,1.3957358975141005,0.3998477730527363
8,3.0,0.05,1.0,0.01312258295799518,-0.1602665387818668,1.217498196897424,0.3982401187140065
8,2.0,0.03,1.0,0.013006490182219345,-0.16457412411360808,1.2455097033063642,0.3968355544123968
8,0.25,0.1,0.5,0.013093219181612444,-0.22031758753346783,1.668327935715527,0.3960366058650845
4,0.75,0.05,1.0,0.013027820874097639,-0.18230695736681948,1.377238028570361,0.3957816348218852
6,0.1,0.05,2.0,0.012973573914442548,-0.17151126578939146,1.2924923085400575,0.3951126648689328
7,1.0,0.03,0.5,0.01298388100296678,-0.18288085251379746,1.3790966815987278,0.39505491201134224
5,2.0,0.03,0.5,0.012994677173540749,-0.17213551184289885,1.2960248495686066,0.3947573680817872
4,0.75,0.03,2.0,0.012988230543821332,-0.1827794874065331,1.375957814278686,0.39437369399798033
7,0.5,0.1,2.0,0.013166850459536167,-0.16929627024393737,1.2688123107729252,0.3931629150673203
4,5.0,0.03,2.0,0.01301188822706285,-0.12781457593774237,0.9517364039714753,0.39305628430147344
4,0.5,0.03,2.0,0.012988125300371833,-0.1827794874065331,1.3707971916730648,0.39288719684801743
7,0.1,0.03,1.0,0.013067441692641811,-0.2041400783047049,1.5336559295128753,0.3928221672749883
4,0.5,0.1,1.0,0.01307437029809256,-0.18230695736681948,1.3647864420409122,0.3921950040404789
8,2.0,0.03,2.0,0.012995481241898692,-0.1757665214028785,1.3130142343605595,0.3916658388179319
6,0.25,0.03,0.5,0.013086610598115708,-0.17151126578939066,1.2804338502784491,0.39163927314691577
4,0.25,0.05,2.0,0.012980338277621897,-0.18277948740653296,1.364819553815995,0.39116536165155025
4,5.0,0.03,1.0,0.013011653414077257,-0.11623828763166241,0.8546631346306883,0.3905530871835507
8,3.0,0.05,2.0,0.013004534941054637,-0.14565751547836764,1.0791786949781128,0.3905256454196285
4,0.25,0.03,1.0,0.012965387570337331,-0.18277948740653382,1.3615649874084694,0.3902278965317617
4,0.1,0.03,1.0,0.012960720621476459,-0.18277948740653382,1.3615649874084694,0.3902278965317617
3,0.75,0.1,0.5,0.012996090854571887,-0.18065849698183548,1.3431652404978245,0.389592367851143
4,0.75,0.05,2.0,0.013057567812678582,-0.18230695736681948,1.3553622648479142,0.3894804066733168
6,0.25,0.05,1.0,0.013096390169687914,-0.17151126578939163,1.2727038898791883,0.38941268829835074
4,0.5,0.05,1.0,0.013012967815088667,-0.18230695736681948,1.353756802301203,0.38901795946831114
4,0.75,0.1,2.0,0.013101441229091093,-0.18230695736681948,1.353219084136137,0.38886307185475394
7,1.0,0.1,1.0,0.013062807655191277,-0.18288085251379746,1.356257150474151,0.38847607443345167
6,0.25,0.05,0.5,0.013149157089154167,-0.17151126578939066,1.2692698628121135,0.3884235302377457
7,0.25,0.05,0.5,0.013043674553791636,-0.2241729223493833,1.6708851632248882,0.38829461783827485
8,0.1,0.1,2.0,0.013098264563683482,-0.18539947036815893,1.3746941334632274,0.3882478732732877
4,0.1,0.03,2.0,0.012973824587261519,-0.18277948740653333,1.3506545209798178,0.3870851793655645
4,1.0,0.03,2.0,0.01299119752719266,-0.1827794874065331,1.3500181626728125,0.38690187884506433
7,0.1,0.05,1.0,0.013019040676051925,-0.2041400783047049,1.5112848928799145,0.38637827770236394
5,0.75,0.1,1.0,0.01301849031924458,-0.1950340193583462,1.439097912199805,0.3856109918518374
6,0.1,0.03,1.0,0.012962315947187898,-0.18277948740653382,1.3447155216955045,0.38537447385880014
8,0.1,0.05,2.0,0.012989157612011186,-0.18539947036815893,1.363088975447279,0.384905052913437
8,2.0,0.1,2.0,0.013077416287380517,-0.1757665214028785,1.2844496834239034,0.38343793168303336
6,0.1,0.05,1.0,0.012955465850410004,-0.18277948740653358,1.3354385969284672,0.38270229197679284
8,0.25,0.05,2.0,0.013144457009404443,-0.19374967272180618,1.4179027512600053,0.3823303221672417
5,3.0,0.1,2.0,0.013099104215342668,-0.15582738059437617,1.1274620234624937,0.38206807316685415
5,0.1,0.03,0.5,0.01298139888065698,-0.18277948740653405,1.333216119214118,0.38206211596689776
5,0.25,0.03,0.5,0.012981040847543694,-0.18277948740653405,1.332319319558635,0.38180379633497746
5,0.75,0.05,0.5,0.012982885533644604,-0.18277948740653313,1.3294287855605884,0.3809711893264207
8,0.25,0.03,2.0,0.012986329372713183,-0.19374967272180618,1.4129624131453022,0.3809072771029969
6,2.0,0.05,0.5,0.013165137333670638,-0.1529322086767396,1.1013207659223063,0.3809051995415033
8,0.75,0.03,0.5,0.012979228817620014,-0.19294965174196546,1.4035222740551403,0.37994747464075435
5,0.5,0.03,0.5,0.012986860914025268,-0.18277948740653313,1.3258341211106677,0.3799357602961987
4,5.0,0.05,2.0,0.013015551906392378,-0.12781457593774237,0.9050703931861803,0.3796143224814173
4,0.25,0.1,0.5,0.013057164795442812,-0.18567205013991256,1.3450813330086804,0.3791185691222244
5,0.1,0.05,2.0,0.012967321325496056,-0.18277948740653333,1.3222290796951626,0.3788973422216409
4,0.25,0.03,0.5,0.013024805922024778,-0.18230695736681965,1.317943478734635,0.3787020717391024
4,0.5,0.1,2.0,0.013135233347539934,-0.18230695736681948,1.3170162962630252,0.37843500045587397
5,3.0,0.1,1.0,0.013118470031916726,-0.15582738059437568,1.1124768345610816,0.3777516481352435
7,0.1,0.03,2.0,0.013071708077269525,-0.19389868157718354,1.402424971578137,0.37754431052312576
7,0.25,0.05,1.0,0.013059726999957747,-0.2041400783047049,1.4756404682622832,0.37611104065455847
5,0.1,0.03,2.0,0.012978535336557465,-0.18277948740653377,1.3082748846035699,0.37487789092305346
6,0.1,0.1,0.5,0.013219850970474784,-0.17151126578939066,1.2206750848043382,0.3744259945657989
8,0.25,0.1,2.0,0.01310610851614405,-0.19374967272180618,1.3904487808499946,0.37442231340775706
6,0.5,0.1,0.5,0.013127752736912265,-0.16929627024393776,1.200738859715534,0.37355462383619376
7,1.0,0.03,1.0,0.013005979025783614,-0.18288085251379746,1.303215459225998,0.37319762280172253
7,0.1,0.05,2.0,0.013047007061548458,-0.19389868157718354,1.3844951034699846,0.37237968216744094
8,0.1,0.05,1.0,0.01296784425981663,-0.1987207153746124,1.4210568449291652,0.37230661321547487
8,3.0,0.1,0.5,0.013181839209082651,-0.1569974710111263,1.094983334914073,0.37013947086661686
6,0.1,0.03,2.0,0.012973173576296957,-0.17151126578939146,1.2044495875425179,0.36975230356383254
7,0.5,0.1,1.0,0.013060798974020061,-0.18288085251379743,1.2888175961653023,0.36905037468054286
8,0.25,0.05,1.0,0.01308150764359988,-0.1987207153746124,1.4060998606791089,0.3679983124233319
5,0.1,0.03,1.0,0.013005182080906893,-0.1814987662400577,1.2721133536920115,0.36727824385318764
6,0.1,0.05,0.5,0.01317580016041141,-0.17151126578939066,1.1958333493545514,0.36727042986590835
5,3.0,0.05,2.0,0.012997440886726337,-0.15582738059437617,1.0757821787433195,0.36718189609940116
5,3.0,0.03,2.0,0.013000296940981097,-0.15582738059437617,1.0736289244429105,0.36656165962304715
4,0.5,0.05,0.5,0.01303147919960039,-0.18230695736681937,1.2717941891695428,0.3654089494447895
5,0.5,0.05,0.5,0.013094325251900813,-0.17213551184289885,1.1924498145710711,0.3649229845011241
4,1.0,0.1,2.0,0.013107812064652235,-0.18230695736681948,1.2675501716535111,0.3641864768045497
8,0.5,0.05,2.0,0.01313203823015819,-0.19374967272180618,1.3535887556003479,0.36380492735409026
4,2.0,0.1,1.0,0.01315228443948517,-0.18230695736681937,1.2565083345458623,0.3610059188282709
4,5.0,0.1,2.0,0.013185020528864787,-0.13814595229331642,0.9188267018850688,0.3608561844724574
8,2.0,0.05,2.0,0.013118581304660818,-0.1757665214028785,1.2028307934628328,0.3599279297739396
8,0.25,0.1,1.0,0.013042541077991502,-0.1987207153746124,1.37777893890317,0.35984058171494815
8,0.1,0.03,1.0,0.01297196567200559,-0.1987207153746124,1.3771576029657024,0.3596616083292158
4,0.5,0.03,1.0,0.012976200131862122,-0.1827794874065332,1.2539664465131406,0.35923455781971453
7,1.0,0.05,1.0,0.013116588666935157,-0.18288085251379746,1.2537502189500764,0.35894935387922955
6,0.75,0.1,0.5,0.01298093063782966,-0.1827794874065335,1.25285745148827,0.3589151161418827
4,0.5,0.03,0.5,0.013040614305367227,-0.18230695736681937,1.2488282596532032,0.3587937033047013
8,0.5,0.1,2.0,0.013096066456422306,-0.19374967272180618,1.3354641718724898,0.3585842119259986
5,5.0,0.1,2.0,0.013043289790819817,-0.1540015898199339,1.0309423225162488,0.3582811992806051
8,3.0,0.1,1.0,0.013119240267493235,-0.1602665387818668,1.0770217110556577,0.3577764165992395
8,0.5,0.03,1.0,0.012991970523888601,-0.19143382137408332,1.312061780170378,0.35693622584723883
6,3.0,0.03,1.0,0.013000393968690129,-0.14830801801748747,0.9808588252223214,0.35637605107435166
4,0.75,0.03,1.0,0.012986367762799881,-0.18277948740653405,1.2401222356772708,0.3552467870556599
4,1.0,0.1,0.5,0.013052611922572295,-0.18230695736681937,1.2356156925843322,0.3549878750563467
7,0.75,0.03,0.5,0.012979185246862451,-0.18288085251379746,1.238029738002977,0.3544211308507803
7,3.0,0.1,0.5,0.013026741333869746,-0.15699747101112638,1.039979858907675,0.35429593481100524
3,0.1,0.1,0.5,0.013024130344212627,-0.17936486893043296,1.2076083586788204,0.35339066345320896
8,0.1,0.1,0.5,0.013109206336383355,-0.21056008742155186,1.4420275159585123,0.35231018531808356
4,0.25,0.03,2.0,0.012977658746641993,-0.1827794874065334,1.2291124725367346,0.3520754678601156
6,1.0,0.05,2.0,0.012982512633035416,-0.20137511522876514,1.3678915096879887,0.3511550349547345
8,0.25,0.03,1.0,0.01298435119972958,-0.1987207153746124,1.3467311615413993,0.3508973909242317
3,0.25,0.1,0.5,0.01296825027238002,-0.1827794874065336,1.2229231896078998,0.3502926691288138
3,0.1,0.1,2.0,0.013030264957124955,-0.1892485686079,1.2722217530956017,0.3502662330123908
3,0.25,0.1,2.0,0.012974732402057439,-0.18277948740653355,1.2197880412180095,0.34938960190176915
3,0.1,0.05,2.0,0.012981259344638932,-0.18277948740653355,1.2197880412180095,0.34938960190176915
3,0.1,0.03,2.0,0.01298156907314639,-0.18277948740653355,1.2197880412180095,0.34938960190176915
6,0.5,0.03,0.5,0.012981282699369477,-0.1827794874065329,1.2178031078663438,0.34881784961612505
4,2.0,0.05,1.0,0.01310133120698187,-0.18230695736681937,1.210902214450125,0.34786925437438593
5,2.0,0.05,1.0,0.01299428340089923,-0.17213551184289885,1.1294660726397858,0.34678076406964486
4,0.75,0.1,0.5,0.01312724393489541,-0.18230695736681937,1.2070216398233995,0.3467514700363949
5,5.0,0.1,1.0,0.013210435967092898,-0.14113946443631217,0.8908897667470341,0.34622577811697647
8,3.0,0.03,1.0,0.013015584037190372,-0.1602665387818668,1.035915482892403,0.3459359284101119
7,0.5,0.03,2.0,0.012985862866376261,-0.19567665744146573,1.3052265785063102,0.3456365991191713
4,1.0,0.05,0.5,0.012990749143570141,-0.1827794874065335,1.2022439339223157,0.34433609043877533
8,0.1,0.1,1.0,0.01303530134086517,-0.1987207153746124,1.3234553894757803,0.3441928958501216
3,0.1,0.03,1.0,0.012974690000903706,-0.1827794874065332,1.1984636172136958,0.34324718500182355
4,0.75,0.03,0.5,0.012990052424828081,-0.1827794874065335,1.1947080892074462,0.34216541985359933
6,3.0,0.05,1.0,0.013004522565793654,-0.14830801801748747,0.9285727357918703,0.34131524758982423
6,3.0,0.05,2.0,0.012990481679095363,-0.14830801801748708,0.927610406515656,0.34103805240704604
6,3.0,0.03,2.0,0.012994302104582469,-0.14830801801748708,0.927610406515656,0.34103805240704604
7,0.5,0.05,1.0,0.013127018266295734,-0.18288085251379743,1.1838617745669338,0.33881826092201134
4,1.0,0.03,1.0,0.012993511445786862,-0.1827794874065335,1.1829880653423426,0.3387895128353266
3,0.1,0.03,0.5,0.012975570667748237,-0.18277948740653308,1.180364483387279,0.33803380031826635
4,1.0,0.03,0.5,0.012990792028331165,-0.1827794874065335,1.177117433831808,0.3370985003983027
3,0.25,0.05,1.0,0.012976053005703881,-0.18277948740653363,1.1763229775177562,0.3368696603654502
3,0.25,0.03,2.0,0.012981763329378542,-0.18277948740653363,1.1763229775177562,0.3368696603654502
3,0.25,0.05,2.0,0.012981878720212937,-0.18277948740653355,1.1762553508637101,0.3368501807723502
6,0.1,0.03,0.5,0.012985953137026723,-0.1827794874065338,1.16835794894619,0.3345753650495882
6,0.75,0.05,2.0,0.012988303064109672,-0.20137511522876494,1.3102840545761705,0.33456143290620344
6,1.0,0.03,2.0,0.01298984930313812,-0.20137511522876494,1.3102840545761705,0.33456143290620344
3,0.75,0.1,2.0,0.013090131052908426,-0.1581750238323672,0.9763358693086616,0.33337387828701953
7,0.25,0.03,1.0,0.013061815199776132,-0.2041400783047049,1.324391251097228,0.332544295431787
4,1.0,0.05,1.0,0.01299307018681193,-0.1827794874065335,1.1601428719158007,0.33220904425350944
6,3.0,0.1,0.5,0.013135524279328955,-0.15699747101112654,0.9565518216814479,0.33026481511069944
7,2.0,0.05,0.5,0.012986239423380133,-0.16678439410361645,1.028213718804171,0.329383507732189
8,0.5,0.03,2.0,0.013001555795309391,-0.19374967272180618,1.233223718270678,0.32913424929465585
3,0.5,0.1,0.5,0.013078099873532747,-0.18065849698183548,1.1315484186233067,0.32863697028767175
4,0.75,0.05,0.5,0.013066316286268987,-0.18230695736681937,1.143984940739681,0.32859399550435886
5,5.0,0.03,1.0,0.012998740543249081,-0.14113946443631217,0.8259219632940277,0.3275120565270563
7,0.1,0.05,0.5,0.01305725493114488,-0.2241729223493833,1.45874600891849,0.3271887644614919
4,0.75,0.1,1.0,0.013094628462628622,-0.18230695736681948,1.1333822662867004,0.32553993661247743
3,0.1,0.05,1.0,0.012971411294727758,-0.1827794874065332,1.1341988908957643,0.3247359820297837
3,0.5,0.03,2.0,0.012986339893360625,-0.18277948740653363,1.1332815284240787,0.32447173935911006
3,0.75,0.05,1.0,0.012980971533899507,-0.18277948740653363,1.1332815284240787,0.32447173935911006
3,0.5,0.05,2.0,0.012982064559462977,-0.18277948740653363,1.1332815284240787,0.32447173935911006
3,0.5,0.03,1.0,0.012980981091017557,-0.18277948740653363,1.1332815284240787,0.32447173935911006
3,0.75,0.03,1.0,0.012983488783858186,-0.18277948740653363,1.1332815284240787,0.32447173935911006
3,0.5,0.05,1.0,0.012979864651171794,-0.18277948740653363,1.1332815284240787,0.32447173935911006
3,0.25,0.03,1.0,0.012977285895303997,-0.18277948740653363,1.1332815284240787,0.32447173935911006
8,0.75,0.03,2.0,0.013183290327015972,-0.19374967272180618,1.2100180535953122,0.3224499483800041
4,2.0,0.03,0.5,0.01299833888934794,-0.18230695736681937,1.1221540743237037,0.32230569984925256
3,0.1,0.1,1.0,0.0129646468779008,-0.1827794874065332,1.1248944729122163,0.3220558808343307
7,0.75,0.05,1.0,0.012973004048485063,-0.2068465587011394,1.3082942825272958,0.3219555805044646
7,0.25,0.1,1.0,0.013063795428969014,-0.2041400783047049,1.286946080873632,0.3217583606578274
7,3.0,0.1,2.0,0.013060480853484102,-0.20289519223203223,1.2754283419587804,0.32117845351582236
3,0.5,0.1,2.0,0.013059913404883848,-0.18194620928494196,1.1130773470089954,0.32048453516695236
5,3.0,0.03,1.0,0.013002132793302921,-0.15582738059437568,0.9132349129832251,0.3203607921838686
6,2.0,0.1,1.0,0.01310183879307234,-0.16929627024393776,1.0141238946209992,0.3198009132952812
8,0.75,0.1,2.0,0.013155963349224989,-0.19374967272180618,1.199624387741834,0.3194560935974372
3,0.25,0.03,0.5,0.012975847764262529,-0.1827794874065336,1.1153315817048357,0.31930132743806083
6,2.0,0.1,0.5,0.013189847802653297,-0.1529322086767396,0.8868441358268502,0.3191260454093508
3,0.5,0.03,0.5,0.012979681399592819,-0.18277948740653327,1.1124036945781821,0.3184579610069563
3,0.75,0.05,0.5,0.012979145494815306,-0.18277948740653327,1.1124036945781821,0.3184579610069563
3,0.5,0.05,0.5,0.012980258304452097,-0.18277948740653327,1.1124036945781821,0.3184579610069563
3,0.75,0.03,0.5,0.01298309234459851,-0.18277948740653327,1.1124036945781821,0.3184579610069563
4,2.0,0.03,1.0,0.013000172880212291,-0.18230695736681937,1.1057168853518557,0.317571031878485
6,0.25,0.1,0.5,0.01317596778116444,-0.17560107944495126,1.0536699244802126,0.3173265622421134
3,0.75,0.03,2.0,0.012992156709219315,-0.18277948740653324,1.1030901060907128,0.31577521828372945
7,3.0,0.03,0.5,0.012996352715317034,-0.15699747101112638,0.9003939625557232,0.3140887635142357
4,3.0,0.1,2.0,0.013073582130079347,-0.1581750238323672,0.9082147973477351,0.31375187004095334
6,1.0,0.05,0.5,0.012982297335843763,-0.16929627024393776,0.9917221414284871,0.3133481759378606
6,1.0,0.03,0.5,0.012982277183192897,-0.16929627024393776,0.9917221414284871,0.3133481759378606
8,3.0,0.03,0.5,0.01299567720616054,-0.17111037958366707,1.0028406093245217,0.31256124840159494
8,0.5,0.1,1.0,0.01307556108011165,-0.19143382137408332,1.156892502928596,0.3122403226570952
8,0.75,0.05,2.0,0.012993121891277598,-0.19374967272180618,1.1733469958247884,0.3118869936693396
4,1.0,0.1,1.0,0.0130473023471109,-0.18230695736681937,1.0832005831316707,0.3110852991218307
3,0.25,0.05,0.5,0.012977529034325488,-0.18277948740653308,1.0738050542958388,0.307339773695672
3,0.1,0.05,0.5,0.012973931502244226,-0.18277948740653308,1.0738050542958388,0.307339773695672
3,0.75,0.05,2.0,0.01299072923507082,-0.18277948740653324,1.0732018871926636,0.3071660337715694
4,3.0,0.1,1.0,0.01310023618479842,-0.18065849698183548,1.0560419575552191,0.3068876296055534
7,3.0,0.05,0.5,0.012999200113774086,-0.15699747101112638,0.8732583315064136,0.30627245116205815
3,0.25,0.1,1.0,0.013057634436989225,-0.20079600572457817,1.2074790447383943,0.30622241992970506
4,2.0,0.1,0.5,0.013109952226164288,-0.18230695736681937,1.0617493640447533,0.30490635939444205
5,5.0,0.05,1.0,0.013009912084103622,-0.14113946443631217,0.7447467860732059,0.30412986433670913
5,5.0,0.03,2.0,0.013011599051675942,-0.1540015898199339,0.8427808465055808,0.30408202232121917
7,2.0,0.03,0.5,0.012991721152225114,-0.16678439410361645,0.9373902081382859,0.3032221508433119
4,2.0,0.05,2.0,0.012997053258139293,-0.18230695736681948,1.0555236108839543,0.3031130555555175
7,0.5,0.1,0.5,0.013079175101140667,-0.18288085251379746,1.0597548454685894,0.30306974557923333
6,2.0,0.03,0.5,0.012994722039729513,-0.1529322086767396,0.8302017393922418,0.302810424736876
7,0.5,0.03,1.0,0.01307827867220776,-0.18288085251379743,1.0564584478479102,0.3021202311421678
5,5.0,0.05,2.0,0.01300785053749814,-0.1540015898199339,0.832901132825796,0.301236209451382
3,2.0,0.05,2.0,0.012997448371479722,-0.1581750238323672,0.8641579392710249,0.30106146444996623
3,2.0,0.03,2.0,0.01300017582574093,-0.1581750238323672,0.8635458079451277,0.3008851424165825
5,3.0,0.05,1.0,0.013004269439777843,-0.15582738059437568,0.8444105840687377,0.3005362135239106
5,2.0,0.1,0.5,0.01313902278956987,-0.17213551184289885,0.968105426604857,0.3003014613231459
5,0.25,0.1,0.5,0.01307689152989439,-0.17991269089614176,1.0268980831706342,0.30013301480284105
4,3.0,0.03,2.0,0.01300562773773644,-0.1581750238323672,0.859537900178835,0.29973068026594607
5,0.5,0.05,2.0,0.012978445488278601,-0.2088520630532334,1.2413228827669722,0.2982542594380292
6,1.0,0.1,1.0,0.012998744656330817,-0.174585949957039,0.9776475216782597,0.2976610622378268
7,0.75,0.05,0.5,0.01296198831599421,-0.18288085251379746,1.0351159050696028,0.29597259520026453
7,0.1,0.1,1.0,0.013122972526069707,-0.2041400783047049,1.1964871459631419,0.2957020183888433
4,3.0,0.05,2.0,0.013003502020019802,-0.1581750238323672,0.8443498313181964,0.2953558164558726
8,0.75,0.05,0.5,0.012981522327734389,-0.2031406071711999,1.1817742287177206,0.2936620402286929
6,3.0,0.1,1.0,0.013232250079844977,-0.15045089084652324,0.7781377851356691,0.2932704788082128
7,2.0,0.03,1.0,0.012997935373627615,-0.16678439410361645,0.8959512639926275,0.2912858251172461
7,0.5,0.03,0.5,0.012989226928333432,-0.18288085251379746,1.0167751891175396,0.29068962373063517
7,2.0,0.1,1.0,0.013139001242755754,-0.16678439410361645,0.8851862760771645,0.2881850124675688
5,3.0,0.1,0.5,0.013108738868226767,-0.18773481270744005,1.044052684255658,0.2878720519587409
7,2.0,0.05,1.0,0.013213188172245502,-0.16678439410361645,0.8754693409009728,0.2853860873088002
6,5.0,0.1,2.0,0.013036798559233667,-0.15346092357468105,0.7716841298042901,0.28479191535230886
8,0.5,0.03,0.5,0.012977626433794985,-0.22154665877568566,1.2783688378661158,0.2810074607146848
6,3.0,0.03,0.5,0.012997028795023765,-0.15699747101112654,0.7822171656606351,0.2800483995502157
6,3.0,0.05,0.5,0.012994539920028712,-0.15699747101112654,0.7822171656606351,0.2800483995502157
7,0.75,0.1,0.5,0.013136313284354433,-0.18288085251379746,0.978510623131798,0.2796676652133788
7,2.0,0.1,0.5,0.013137975343501715,-0.16678439410361645,0.8461051559613877,0.2769278487280268
4,2.0,0.1,2.0,0.013078531260935328,-0.18230695736681948,0.9643200530544052,0.2768422275681293
8,0.25,0.05,0.5,0.01299083737364472,-0.22031758753346783,1.2512125243726193,0.2758881436443718
5,2.0,0.03,1.0,0.012996854964564984,-0.17213551184289885,0.8743821120619016,0.27330482727332683
4,3.0,0.05,0.5,0.01312672845399738,-0.18065849698183548,0.9363093718775263,0.2723991267699241
7,0.1,0.03,0.5,0.01305293977716751,-0.2241729223493833,1.2658853662952594,0.2716360109454389
7,0.1,0.1,0.5,0.013078506987133889,-0.2241729223493833,1.2402952347192684,0.2642648736695893
5,0.1,0.1,0.5,0.01310242284911107,-0.19554483679277296,0.985478839078502,0.253824411581133
7,3.0,0.05,2.0,0.012988670070564774,-0.20289519223203223,1.014964204573916,0.24615277784087347
7,3.0,0.03,2.0,0.012993382371195853,-0.20289519223203223,1.0056038075156366,0.24345655209196915
8,3.0,0.05,0.5,0.013003847608457311,-0.16800027122697683,0.7387711542523473,0.2433367729985652
8,0.1,0.05,0.5,0.012981006986612175,-0.23753000853725184,1.2689117036223916,0.24313305655334627
3,3.0,0.05,2.0,0.01300307600536259,-0.1581750238323672,0.6516819664154847,0.23985859180794794
6,5.0,0.03,1.0,0.012994992528214443,-0.14069732371304802,0.5144759722739073,0.2387736058185905
6,1.0,0.1,0.5,0.01317024814280732,-0.185405604034097,0.8540632612859522,0.23826869852167756
4,2.0,0.03,2.0,0.012996795335205204,-0.18230695736681948,0.8268637123550803,0.23724846644494407
6,5.0,0.05,1.0,0.012991041037304628,-0.14069732371304802,0.5055326858470678,0.23619752715507458
8,0.75,0.1,0.5,0.012981187507727294,-0.2068465587011387,1.0095874131509264,0.23591423550887247
7,0.25,0.03,0.5,0.01298586413542654,-0.2241729223493833,1.141360553298526,0.23576712578075334
6,2.0,0.03,1.0,0.012999571946862756,-0.16929627024393776,0.694695870836483,0.22779092084654878
6,2.0,0.05,1.0,0.012998975052627417,-0.16929627024393776,0.694695870836483,0.22779092084654878
6,5.0,0.05,2.0,0.012994753262167561,-0.15346092357468105,0.5692715613251763,0.22648776696658232
6,5.0,0.03,2.0,0.01300267695684109,-0.15346092357468105,0.5564388178924028,0.22279134543049778
4,3.0,0.1,0.5,0.013126055324033789,-0.18065849698183548,0.7606335383924897,0.22179639028839654
8,0.25,0.03,0.5,0.012986716311584375,-0.22031758753346783,1.0633646879166236,0.221779309331555
7,0.25,0.1,0.5,0.013144399474284715,-0.2241729223493833,1.0794660348619218,0.21793865191519288
7,3.0,0.03,1.0,0.012998469335354288,-0.19793941922231245,0.8742677606790515,0.2165243702199613
7,3.0,0.05,1.0,0.01299883413966422,-0.19793941922231245,0.8560633534079803,0.2112806619325668
3,1.0,0.1,1.0,0.01304199678998991,-0.18065849698183548,0.7090414926376121,0.2069355033690847
7,3.0,0.1,1.0,0.013107886784427224,-0.19793941922231245,0.8400803219146222,0.2066768122465299
4,3.0,0.05,1.0,0.013005837681075194,-0.18065849698183548,0.6963781496396789,0.2032878769654554
4,3.0,0.03,0.5,0.013003494403211724,-0.18065849698183548,0.6929522576508467,0.20230106218230642
3,1.0,0.1,0.5,0.013027969277750151,-0.18065849698183548,0.6725434744345226,0.19642239202878048
8,0.1,0.03,0.5,0.012982021878155553,-0.23753000853725148,1.0982414642905844,0.19397216188263927
5,3.0,0.05,0.5,0.013001496859098112,-0.19507923284464276,0.7638087946158807,0.19099717094786783
5,3.0,0.03,0.5,0.013002003894192865,-0.19507923284464276,0.7614208664528245,0.19030933758356935
4,3.0,0.03,1.0,0.013004174235888394,-0.18065849698183548,0.6437283106525051,0.18812229684432996
8,0.5,0.05,0.5,0.012980107214121663,-0.22154665877568566,0.953837400515116,0.18752744995587545
8,2.0,0.1,0.5,0.013234623824528342,-0.2197276274091321,0.9385143725132592,0.18711409484303798
8,0.5,0.1,0.5,0.012981344439241663,-0.22154665877568566,0.9064596906934507,0.17388048601300496
3,1.0,0.03,2.0,0.01299483310981846,-0.1827794874065335,0.6074276511370246,0.17300158747613753
3,2.0,0.1,1.0,0.013096384551674186,-0.18065849698183548,0.5766430218939859,0.16879864189708485
3,1.0,0.05,0.5,0.01298890627165783,-0.182779487406533,0.5628881604419707,0.16017216144779858
3,1.0,0.05,1.0,0.012992848536918355,-0.182779487406533,0.5561004592014818,0.15821699066321226
3,1.0,0.03,0.5,0.0129904877980735,-0.182779487406533,0.5539532534569572,0.15759849644971502
3,1.0,0.03,1.0,0.012994554819915476,-0.182779487406533,0.5472348022617723,0.15566327286972897
3,1.0,0.05,2.0,0.012991424646298908,-0.1827794874065335,0.5464740897797404,0.15544415261566202
3,3.0,0.1,2.0,0.013007083428971382,-0.1581750238323672,0.3529218071411397,0.15380189686574583
3,1.0,0.1,2.0,0.012989283046879616,-0.1827794874065335,0.5386249477558828,0.15318323796644714
3,3.0,0.03,2.0,0.01300521749393606,-0.1581750238323672,0.267427475598255,0.12917558917216407
3,2.0,0.03,1.0,0.013001544181946321,-0.18065849698183548,0.3372150533965368,0.09983235236349416
3,2.0,0.05,1.0,0.013000130652058186,-0.18065849698183548,0.3062491653984942,0.0909127494835971
3,5.0,0.1,0.5,0.013047460343545413,-0.256739764984088,0.1914331156962652,-0.10947620782397902
3,5.0,0.03,0.5,0.01303781764280286,-0.256739764984088,0.17977345208415263,-0.11283472830754482
3,5.0,0.05,0.5,0.013043340825584455,-0.256739764984088,0.16096007151457709,-0.11825384897088873
3,10.0,0.03,0.5,0.013035690250301988,-0.26143906314860854,0.006012526672643347,-0.17322050040058382
3,10.0,0.03,1.0,0.013023341800979842,-0.26143906314860854,0.006012526672643347,-0.17322050040058382
3,10.0,0.1,0.5,0.013052674568348726,-0.26143906314860854,0.0035856240480001047,-0.17391956020604996
3,10.0,0.1,2.0,0.013051212080335783,-0.26143906314860854,0.0035856240480001047,-0.17391956020604996
3,10.0,0.1,1.0,0.013044719698585462,-0.26143906314860854,0.0035856240480001047,-0.17391956020604996
3,10.0,0.05,2.0,0.013074280960389876,-0.26143906314860854,-0.004375297842179714,-0.17621267260840615
3,10.0,0.05,0.5,0.013038030527785174,-0.26143906314860854,-0.021419146013265646,-0.1811220863878836
3,10.0,0.03,2.0,0.01302505574853148,-0.26143906314860854,-0.021419146013265646,-0.1811220863878836
3,10.0,0.05,1.0,0.01306073474268458,-0.26143906314860854,-0.04074398353002134,-0.18668853022372298
8,5.0,0.05,0.5,0.01301791140643541,-0.3296488586140862,0.4269851517864959,-0.20196681641656689
8,5.0,0.1,0.5,0.013031901864071611,-0.3296488586140862,0.4269275536170277,-0.2019834073439221
8,5.0,0.03,0.5,0.01304423518447351,-0.3296488586140862,0.39227099250241887,-0.21196609417482243
8,8.0,0.03,1.0,0.012984702003871055,-0.3317580984974779,0.4075682442020677,-0.21219838550825854
8,8.0,0.05,1.0,0.013034134743573128,-0.3317580984974779,0.3730563228692078,-0.22213940941594745
8,8.0,0.1,1.0,0.013015788766849409,-0.3317580984974779,0.360917193466691,-0.22563603814446886
7,10.0,0.1,1.0,0.013207986712723625,-0.3243175606237518,0.2605270527946666,-0.23818991977870768
3,8.0,0.1,1.0,0.013147257613136018,-0.3041965660081462,0.07070669650486741,-0.24861717817995596
8,8.0,0.03,2.0,0.012984260499972835,-0.3477974389961095,0.3928657681904473,-0.25170682372887954
7,5.0,0.05,0.5,0.01299846743370778,-0.3400901605221141,0.33117889299627,-0.25252576973728325
7,5.0,0.03,0.5,0.01299965361904238,-0.3400901605221141,0.33117889299627,-0.25252576973728325
7,5.0,0.1,0.5,0.013001808652964473,-0.3400901605221141,0.3294247024245507,-0.2530310574679754
8,10.0,0.1,0.5,0.013078587261047334,-0.3238029535965192,0.18949912914471817,-0.25751752017178753
8,8.0,0.05,2.0,0.012999141209129452,-0.3477974389961095,0.3606088074083211,-0.2609983150727469
7,10.0,0.03,0.5,0.013055446753200556,-0.3238029535965193,0.1686237525489079,-0.2635305907226692
3,8.0,0.05,0.5,0.01303988755043403,-0.3041965660081462,0.01706508595267196,-0.26406843421995463
4,5.0,0.05,0.5,0.013029207763972149,-0.3260930441320041,0.18024038494424782,-0.2652207937544807
3,8.0,0.1,2.0,0.013046888183360479,-0.3041965660081462,0.009567650829121921,-0.2662280410726335
7,10.0,0.05,0.5,0.013055691751942879,-0.3238029535965193,0.1591552471282697,-0.26625795666236335
8,10.0,0.05,0.5,0.013068419408100846,-0.3238029535965192,0.15745832104068624,-0.2667467495824544
3,8.0,0.1,0.5,0.013037436858415989,-0.3041965660081462,0.004816886210433373,-0.26759648023308147
8,10.0,0.03,0.5,0.013052782515051268,-0.3238029535965192,0.15397986554463838,-0.26774870507819554
7,8.0,0.1,1.0,0.013047772936951637,-0.33868112272470996,0.26206880757795653,-0.269333927243494
6,8.0,0.1,1.0,0.013359950334492386,-0.3256059711971175,0.1616716935105005,-0.26949827007326876
7,10.0,0.1,0.5,0.013049482317226357,-0.3238029535965193,0.14335755668468686,-0.2708084195841827
3,8.0,0.05,1.0,0.01308799989871408,-0.3041965660081462,-0.013841570565033795,-0.2729709757036913
3,8.0,0.05,2.0,0.013079764169530802,-0.3041965660081462,-0.01662597199283575,-0.27377301164064816
3,8.0,0.03,1.0,0.013033377665941277,-0.3041965660081462,-0.02141794624064106,-0.2751533210735253
3,8.0,0.03,0.5,0.013030103409269135,-0.3041965660081462,-0.02141794624064106,-0.2751533210735253
3,5.0,0.1,2.0,0.013054549953154458,-0.32380295359651934,0.12664014668807777,-0.2756238041247326
6,10.0,0.1,0.5,0.013089667273956612,-0.32686077776589745,0.14651047256415867,-0.2766249499224713
6,10.0,0.1,1.0,0.013078675969459866,-0.3256059711971175,0.1360117834698084,-0.2768895067628584
8,8.0,0.1,2.0,0.01301065947409702,-0.3477974389961095,0.3046154672751834,-0.27712697761709765
3,8.0,0.03,2.0,0.013017867869889017,-0.3041965660081462,-0.029205123547647146,-0.2773963870284959
7,8.0,0.03,1.0,0.013035576210525616,-0.33868112272470996,0.2319487733466033,-0.2780098852554056
6,8.0,0.05,0.5,0.013036354732323079,-0.32686077776589745,0.13221582138572718,-0.28074246826479426
6,10.0,0.03,1.0,0.013058535997069092,-0.3256059711971175,0.12254030938821962,-0.28076991216322
6,8.0,0.1,0.5,0.013261660827539457,-0.32686077776589745,0.13201862033196832,-0.2807992712567555
7,10.0,0.03,1.0,0.01301894916056255,-0.3243175606237518,0.11196590567096837,-0.28098237694347916
7,10.0,0.05,1.0,0.013020516770642726,-0.3243175606237518,0.10702305701374872,-0.282406145159673
4,5.0,0.03,0.5,0.013023423475946178,-0.3260930441320041,0.11922359528311578,-0.2827964412804909
6,8.0,0.03,0.5,0.013029314020643541,-0.32686077776589745,0.12493432272932657,-0.2828398754629894
6,10.0,0.03,0.5,0.013066253952219588,-0.32686077776589745,0.1221939257982316,-0.2836292360768429
6,10.0,0.05,0.5,0.013074483869132987,-0.32686077776589745,0.11538525957260717,-0.28559044574336945
6,8.0,0.03,1.0,0.013028202620451566,-0.3256059711971175,0.10454861950468478,-0.28595234803941827
4,5.0,0.1,0.5,0.013055034163860757,-0.3260930441320041,0.10671801869565942,-0.28639862368686336
8,10.0,0.1,2.0,0.013102122106720376,-0.34420700000379206,0.2448739921870395,-0.2864392427993356
6,10.0,0.05,1.0,0.013017659424638233,-0.3256059711971175,0.10272628522077633,-0.28647726429978554
6,8.0,0.05,1.0,0.013035641063725862,-0.3256059711971175,0.08628577102722067,-0.29121289008765566
7,8.0,0.05,1.0,0.013033956037836839,-0.33868112272470996,0.1794329811028921,-0.2931368537365514
8,8.0,0.1,0.5,0.013062746292310277,-0.3630520334419881,0.3640140134786998,-0.293565106013721
7,8.0,0.1,0.5,0.013056789122885621,-0.33820866897893503,0.17389632730054502,-0.29369265287961926
3,5.0,0.1,1.0,0.013062051916557255,-0.32380295359651934,0.06306875454616533,-0.29393529490012743
3,5.0,0.05,1.0,0.013044054150379332,-0.32380295359651934,0.057218670305517666,-0.2956203887764542
3,5.0,0.05,2.0,0.013033477148983954,-0.32380295359651934,0.056230926680336295,-0.2959049044630163
7,10.0,0.1,2.0,0.013234016540368416,-0.3407889243597138,0.16473627470865496,-0.3020056243721555
3,5.0,0.03,1.0,0.013029808721909043,-0.32380295359651934,0.026405761790015494,-0.304495926514957
3,5.0,0.03,2.0,0.01302901068629086,-0.32380295359651934,0.02541301537276608,-0.3047818832362002
5,5.0,0.1,0.5,0.013279480530125481,-0.3469410423615265,0.19470862446371104,-0.30690184060705095
8,10.0,0.1,1.0,0.013025469665097019,-0.34966420433757456,0.2149467784422911,-0.3070610514989975
7,10.0,0.03,2.0,0.013043581391060382,-0.3407889243597138,0.14651483851735694,-0.30725423777339356
7,8.0,0.03,0.5,0.013030149387566843,-0.33820866897893503,0.12491948506062546,-0.30780024065876077
7,10.0,0.05,2.0,0.013065806635459299,-0.3407889243597138,0.14010471329266355,-0.30910064926394376
5,8.0,0.1,2.0,0.013067054104274623,-0.3280782415633914,0.040364062438470266,-0.30987743392998573
5,8.0,0.03,2.0,0.013025689971803986,-0.3280782415633914,0.03490861936320927,-0.31144885296270614
5,8.0,0.05,2.0,0.013047687271897286,-0.3280782415633914,0.029646051980346946,-0.31296471490688155
8,10.0,0.05,1.0,0.013144362314953022,-0.34966420433757456,0.18674613980918595,-0.3151841351187109
8,10.0,0.03,1.0,0.013099329963097197,-0.34966420433757456,0.18201845637646769,-0.3165459258338482
8,8.0,0.05,0.5,0.013032331179804384,-0.3630520334419881,0.2839003430047462,-0.3166415353389117
8,8.0,0.03,0.5,0.013027306913831868,-0.3630520334419881,0.2814933833207547,-0.3173348506583523
6,10.0,0.05,2.0,0.013075051087480654,-0.34078892435971375,0.10566247227738411,-0.31902160202878643
5,10.0,0.05,0.5,0.013068476922862485,-0.32807824156339155,0.007977429605667262,-0.3192062768006928
5,10.0,0.1,0.5,0.013079930196936134,-0.32807824156339155,0.0008979991582022836,-0.32124547904192136
8,10.0,0.05,2.0,0.01305500580577026,-0.34420700000379206,0.1232766248749461,-0.3214648886885607
5,10.0,0.03,2.0,0.013026094164176237,-0.3280782415633914,-0.0018465394668467545,-0.32203603265451297
5,10.0,0.1,2.0,0.013072020361593988,-0.3280782415633914,-0.004512844734610303,-0.3228040514546369
5,10.0,0.05,2.0,0.013041289001173646,-0.3280782415633914,-0.004512844734610303,-0.3228040514546369
5,5.0,0.03,0.5,0.01301783883280959,-0.3469410423615265,0.13810251065317206,-0.32320701021162285
6,10.0,0.03,2.0,0.013059754506208625,-0.34078892435971375,0.08869463827939286,-0.323909120223119
5,10.0,0.03,1.0,0.01304969733963048,-0.32807824156339155,-0.010558591092730964,-0.32454550503834956
5,10.0,0.03,0.5,0.013045803825270636,-0.32807824156339155,-0.010558591092730964,-0.32454550503834956
5,10.0,0.05,1.0,0.013043942051261012,-0.32807824156339155,-0.010937553798565376,-0.3246546637630258
6,10.0,0.1,2.0,0.013054867408484295,-0.34078892435971375,0.08355325741543362,-0.3253900748646819
5,5.0,0.05,0.5,0.013029036892082027,-0.3469410423615265,0.12436244334176687,-0.32716478284092826
5,10.0,0.1,1.0,0.013062017857519693,-0.32807824156339155,-0.02004239195001391,-0.32727727676872387
6,8.0,0.1,2.0,0.013226134233382343,-0.3407889243597136,0.07368275057393683,-0.3282332357407728
7,8.0,0.1,2.0,0.013051095834654029,-0.36254833148442506,0.2371570292038771,-0.3289980311271423
7,8.0,0.05,0.5,0.013037838773398282,-0.33820866897893503,0.049028280088159966,-0.3296604053171762
4,8.0,0.1,0.5,0.013062565420516996,-0.3449346383306907,0.09796484112165592,-0.3303560589186314
7,8.0,0.03,2.0,0.013032583158194068,-0.36254833148442506,0.2308178809623564,-0.33082399797539597
8,10.0,0.03,2.0,0.013016079802766025,-0.34420700000379206,0.0775397702543661,-0.3346392107108113
5,8.0,0.05,1.0,0.01305296916684024,-0.3407889243597136,0.05025991267590845,-0.33498009255249495
6,8.0,0.03,2.0,0.013018514186945869,-0.3407889243597136,0.05003243488533486,-0.33504561664003407
5,8.0,0.1,1.0,0.013058488259986064,-0.3407889243597136,0.04843512328473217,-0.3355057159969048
4,10.0,0.1,1.0,0.013122583258308658,-0.3449346383306907,0.07974651057560471,-0.33560377775090733
5,8.0,0.03,1.0,0.013031137069342587,-0.3407889243597136,0.043957698744451656,-0.33679542061724477
5,8.0,0.05,0.5,0.013051063632835218,-0.3407889243597136,0.0437381467052011,-0.33685866172312595
6,8.0,0.05,2.0,0.013030537811109558,-0.3407889243597136,0.03920629323940362,-0.33816404438250114
5,8.0,0.1,0.5,0.013047950761564498,-0.3407889243597136,0.031672336349821514,-0.3403341711869895
5,8.0,0.03,0.5,0.013036121411643717,-0.3407889243597136,0.031562215147061194,-0.3403658911685815
4,8.0,0.03,2.0,0.013026099516820894,-0.3449346383306907,0.05974158970506699,-0.3413661169358918
4,8.0,0.1,2.0,0.013056800648385809,-0.3449346383306907,0.05974158970506699,-0.3413661169358918
4,8.0,0.05,2.0,0.013034600123703936,-0.3449346383306907,0.05974158970506699,-0.3413661169358918
4,8.0,0.05,1.0,0.013037650731442942,-0.3449346383306907,0.05406557119819941,-0.3430010718586573
4,8.0,0.1,1.0,0.013081720207350942,-0.3449346383306907,0.0504971084292882,-0.3440289535971819
4,8.0,0.03,1.0,0.01303798796822141,-0.3449346383306907,0.04882453899728892,-0.3445107306779306
4,8.0,0.05,0.5,0.013048998094615181,-0.3449346383306907,0.04700684070645563,-0.3450343115586315
4,10.0,0.03,1.0,0.013028720812421922,-0.3449346383306907,0.04579359995784601,-0.34538378080931115
4,10.0,0.03,0.5,0.013026358591075784,-0.3449346383306907,0.04579359995784601,-0.34538378080931115
4,10.0,0.05,1.0,0.01303591675473289,-0.3449346383306907,0.04579359995784601,-0.34538378080931115
4,8.0,0.03,0.5,0.013032911243477014,-0.3449346383306907,0.0432741812001769,-0.3461094895249144
4,10.0,0.05,2.0,0.013036665527110266,-0.3449346383306907,0.042596791800252866,-0.3463046088911911
4,10.0,0.03,2.0,0.013024569899743104,-0.3449346383306907,0.042596791800252866,-0.3463046088911911
4,10.0,0.1,2.0,0.01306323148892852,-0.3449346383306907,0.04166970807547015,-0.34657165173078286
4,10.0,0.1,0.5,0.013061939082972315,-0.3449346383306907,0.03954201843578909,-0.34718452440663916
4,10.0,0.05,0.5,0.013038141685198753,-0.3449346383306907,0.03954201843578909,-0.34718452440663916
7,8.0,0.05,2.0,0.01302147727079216,-0.36254833148442506,0.10202991381742074,-0.36792086801234336
6,5.0,0.03,0.5,0.01300864152818029,-0.3554242946496905,0.036347892606827956,-0.37117325539085183
6,5.0,0.1,0.5,0.013026392637134598,-0.3554242946496905,0.036347892606827956,-0.37117325539085183
6,5.0,0.05,0.5,0.01302189168016195,-0.3554242946496905,0.03305465254511117,-0.37212186030541256
3,2.0,0.1,0.5,0.013106474670534862,-0.3730931125631768,0.0014367614177923582,-0.42008623695764635
3,2.0,0.05,0.5,0.013021759001650101,-0.3730931125631768,-0.041694545682762686,-0.4325100412112868
3,3.0,0.05,0.5,0.01302233558883911,-0.3730931125631768,-0.045983360636935165,-0.4337454175783072
3,3.0,0.03,0.5,0.013014820371391888,-0.3730931125631768,-0.045983360636935165,-0.4337454175783072
3,3.0,0.1,0.5,0.01304584449727493,-0.3730931125631768,-0.048946960872817795,-0.43459907103079376
3,3.0,0.1,1.0,0.013043070963204503,-0.3730931125631768,-0.065307336007767,-0.43931161307638644
3,3.0,0.05,1.0,0.013025020442277683,-0.3730931125631768,-0.065307336007767,-0.43931161307638644
3,3.0,0.03,1.0,0.013017764317174456,-0.3730931125631768,-0.065307336007767,-0.43931161307638644
3,2.0,0.03,0.5,0.013011732829138244,-0.3730931125631768,-0.07802739992366999,-0.44297557771850926
