label,n_features,rmse,mdd,sortino
FULL,8,0.012970244144352263,-0.16929627024393648,1.811382638389311
NO_Log_Return_1d,7,0.013014280030869187,-0.4059487018577112,0.6054771409495454
NO_Log_Return_5d,7,0.012986905185706665,-0.15606302531519933,1.2550346347230603
NO_RSI,7,0.01308384276331637,-0.1530027419591418,1.4226393174407748
NO_Volatility,7,0.01298267502506922,-0.16929627024393645,1.7181998654623858
NO_Vol_Ratio,7,0.013437025864278161,-0.3353408069010511,0.6346368710303538
NO_Return_20d,7,0.012983083369731578,-0.1967164679219734,1.5162617420939541
NO_HL_Range,7,0.012987474054367575,-0.2630296791513664,1.226011392284115
NO_MA_Gap,7,0.013002089971007331,-0.3648783843329756,0.4767041406816154
