beta,base_thr,accuracy,precision,recall,f1,balanced_acc
0.1,0.52,0.5625,0.6388206388206388,0.4693140794223827,0.5411030176899063,0.572762766583438
0.0,0.5,0.5714285714285714,0.598705501618123,0.6678700361010831,0.6313993174061433,0.5608072647465767
0.2,0.55,0.5376984126984127,0.6428571428571429,0.3574007220216607,0.4593967517401392,0.5575549865614912
0.2,0.52,0.5525793650793651,0.610752688172043,0.5126353790613718,0.5574092247301276,0.5569784824822277
0.3,0.55,0.5446428571428571,0.620253164556962,0.44223826714801445,0.5163329820864068,0.5559208956885446
0.4,0.55,0.5436507936507936,0.6124401913875598,0.4620938628158845,0.5267489711934157,0.5526328344916427
0.4,0.52,0.5486111111111112,0.6016427104722792,0.5288808664259927,0.5629202689721422,0.5507840455477981
0.5,0.55,0.5416666666666666,0.6074766355140186,0.4693140794223827,0.5295315682281059,0.5496350132794733
0.1,0.55,0.5128968253968254,0.7266187050359713,0.18231046931407943,0.29148629148629146,0.5493050143927225
0.2,0.5,0.5515873015873016,0.5944444444444444,0.5794223826714802,0.5868372943327239,0.5485217640229647
0.5,0.5,0.5505952380952381,0.5951035781544256,0.5703971119133574,0.5824884792626728,0.5484144149875156
0.5,0.52,0.5456349206349206,0.5983606557377049,0.5270758122743683,0.5604606525911708,0.5476788753001798
0.7,0.52,0.5456349206349206,0.5983606557377049,0.5270758122743683,0.5604606525911708,0.5476788753001798
0.3,0.52,0.5446428571428571,0.5979381443298969,0.5234657039711191,0.5582290664100096,0.5469751427344582
0.3,0.5,0.5496031746031746,0.5929368029739777,0.575812274368231,0.5842490842490843,0.5467167098713401
0.0,0.52,0.5178571428571429,0.6574074074074074,0.2563176895306859,0.36883116883116884,0.5466610474085147
0.1,0.5,0.5505952380952381,0.5916515426497277,0.5884476534296029,0.5900452488687783,0.5464264698866077
0.4,0.5,0.5466269841269841,0.5909943714821764,0.5685920577617328,0.5795768169273229,0.5442079231539942
0.7,0.5,0.5456349206349206,0.5916030534351145,0.5595667870036101,0.575139146567718,0.5441005741185452
1.0,0.52,0.5416666666666666,0.5934959349593496,0.5270758122743683,0.5583173996175909,0.5432735889565674
1.0,0.48,0.5446428571428571,0.5897920604914934,0.5631768953068592,0.5761772853185596,0.5426016635124604
0.7,0.48,0.5456349206349206,0.5885608856088561,0.575812274368231,0.5821167883211679,0.5423114235277278
0.7,0.55,0.5357142857142857,0.5959821428571429,0.48194945848375453,0.5329341317365269,0.5416355221934191
1.0,0.45,0.5436507936507936,0.5851449275362319,0.5830324909747292,0.5840867992766727,0.5393136023155585
0.5,0.48,0.5436507936507936,0.5848375451263538,0.5848375451263538,0.5848375451263538,0.5391148078054676
1.0,0.5,0.5386904761904762,0.5867446393762183,0.5433212996389891,0.5641986879100281,0.5381804736080409
1.0,0.55,0.5327380952380952,0.5912087912087912,0.4855595667870036,0.533201189296333,0.5379339684155282
0.4,0.48,0.5386904761904762,0.5790408525754884,0.5884476534296029,0.5837063563115488,0.5332106108557706
0.1,0.48,0.5505952380952381,0.5728715728715729,0.7166064981949458,0.6367281475541299,0.5323120596701602
0.3,0.48,0.5386904761904762,0.5763293310463122,0.6064981949458483,0.5910290237467019,0.5312226657548624
0.7,0.45,0.5337301587301587,0.573170731707317,0.5938628158844765,0.5833333333333334,0.5271076193959827
0.2,0.45,0.5486111111111112,0.5679012345679012,0.7472924187725631,0.6453624318004677,0.5267299098268102
0.2,0.48,0.5367063492063492,0.5711947626841244,0.6299638989169675,0.5991416309012876,0.5264356939518758
0.4,0.45,0.5337301587301587,0.5686274509803921,0.628158844765343,0.5969125214408233,0.5233305237042574
0.5,0.45,0.5317460317460317,0.5687919463087249,0.6119133574007221,0.5895652173913043,0.5229170311232685
0.0,0.55,0.4801587301587302,0.65,0.11732851985559567,0.19877675840978593,0.5201180044211899
0.3,0.45,0.5337301587301587,0.5648148148148148,0.6606498194945848,0.6089850249584027,0.5197522225226228
0.1,0.45,0.5486111111111112,0.5584415584415584,0.8537906137184116,0.675231977159172,0.5150010337314525
0.0,0.48,0.5426587301587301,0.5498392282958199,0.9259927797833934,0.6899798251513114,0.5004413238124016
0.0,0.45,0.5446428571428571,0.5487179487179488,0.9657039711191335,0.6998037933289731,0.49827048776220995
