market,lambda,auc,accuracy_05,accuracy_opt,best_threshold,precision,recall,f1,balanced_acc,majority_rate,n_samples
NIFTY50,baseline,0.5522272936910574,0.5476190476190477,0.5476190476190477,0.49999999999999994,0.6004098360655737,0.5288808664259927,0.5623800383877159,0.5496827239618951,0.5496031746031746,1008
NIFTY50,0.05,0.5084050318866394,0.5386904761904762,0.5158730158730159,0.6099999999999999,0.5850515463917526,0.40974729241877256,0.4819532908704883,0.5275608708789898,0.5496031746031746,1008
NIFTY50,0.1,0.5114982744636525,0.5357142857142857,0.5049603174603174,0.6099999999999999,0.5856697819314641,0.33935018050541516,0.4297142857142857,0.5231993193275974,0.5496031746031746,1008
NIFTY50,0.2,0.5217202881725218,0.5277777777777778,0.5267857142857143,0.6099999999999999,0.6122448979591837,0.37906137184115524,0.4682274247491639,0.5430549149954675,0.5496031746031746,1008
NIFTY50,0.5,0.5243244962547114,0.5347222222222222,0.5267857142857143,0.6099999999999999,0.6142433234421365,0.37364620938628157,0.46464646464646464,0.5436512985257399,0.5496031746031746,1008
NIFTY50,1.0,0.5294832137915679,0.5456349206349206,0.5049603174603174,0.6099999999999999,0.6045627376425855,0.2870036101083033,0.38922888616891066,0.528964360120231,0.5496031746031746,1008
SP500,baseline,0.5085143144069237,0.5188492063492064,0.503968253968254,0.51,0.5579937304075235,0.33147113594040967,0.4158878504672897,0.5160540393077844,0.5327380952380952,1008
SP500,0.05,0.48187619352619526,0.5218253968253969,0.5347222222222222,0.38,0.5337972166998012,1.0,0.696046662346079,0.5021231422505308,0.5327380952380952,1008
SP500,0.1,0.48187619352619526,0.5218253968253969,0.5347222222222222,0.38,0.5337972166998012,1.0,0.696046662346079,0.5021231422505308,0.5327380952380952,1008
SP500,0.2,0.4810992895183195,0.5218253968253969,0.5347222222222222,0.38,0.5337972166998012,1.0,0.696046662346079,0.5021231422505308,0.5327380952380952,1008
SP500,0.5,0.4814136094604371,0.5198412698412699,0.5347222222222222,0.38,0.5337972166998012,1.0,0.696046662346079,0.5021231422505308,0.5327380952380952,1008
SP500,1.0,0.48746476255994814,0.5367063492063492,0.5367063492063492,0.49999999999999994,0.5405092592592593,0.8696461824953445,0.6666666666666666,0.5133793545173113,0.5327380952380952,1008
